account_id,churn_probability,total_spend,risk_score
A78850,0.9,6232.81,5609.529
A32280,0.9133333333333333,6118.74,5588.4492
A24020,0.8866666666666667,6077.03,5388.299933333334
A89190,0.8933333333333333,5965.23,5328.9388
A88058,0.9066666666666666,5855.71,5309.177066666666
A07600,0.9266666666666666,5657.94,5243.024399999999
A20540,0.9666666666666667,5131.8,4960.74
A87050,0.9133333333333333,5415.72,4946.3576
A35588,0.9066666666666666,5391.7300000000005,4888.5018666666665
A37550,0.9333333333333333,5091.31,4751.8893333333335
A22730,0.8733333333333333,5331.2699999999995,4655.975799999999
A50050,0.96,4815.0,4622.4
A78360,0.9266666666666666,4970.79,4606.2654
A13348,0.9733333333333334,4700.47,4575.124133333334
A13820,0.88,5119.76,4505.388800000001
A89600,0.8933333333333333,4721.0,4217.426666666666
A22775,0.98,4177.3099999999995,4093.7637999999993
A95900,0.9133333333333333,4439.66,4054.8894666666665
A13186,0.9,4443.94,3999.546
A22290,0.88,4421.81,3891.1928000000003
A13142,0.9466666666666667,3938.56,3728.5034666666666
A36570,0.9266666666666666,3996.94,3703.8310666666666
A96211,0.94,3838.1499999999996,3607.8609999999994
A09195,0.9266666666666666,3887.5,3602.4166666666665
A80540,0.94,3792.2699999999995,3564.7337999999995
A18017,0.9066666666666666,3902.06,3537.867733333333
A15900,0.9466666666666667,3644.37,3450.0036
A90430,0.9133333333333333,3767.07,3440.5906
A13520,0.9266666666666666,3683.54,3413.4137333333333
A86600,0.9333333333333333,3635.1499999999996,3392.8066666666664
A09750,0.9933333333333333,3392.55,3369.933
A82810,0.9,3695.79,3326.2110000000002
A22410,0.9866666666666667,3359.2400000000002,3314.4501333333337
A27330,0.9533333333333334,3402.46,3243.6785333333337
A44790,0.9466666666666667,3419.13,3236.7764
A78580,0.92,3495.55,3215.9060000000004
A28610,0.9466666666666667,3323.0,3145.773333333333
A88063,0.88,3546.21,3120.6648
A36830,0.9333333333333333,3315.75,3094.7000000000003
A14300,0.96,3207.37,3079.0751999999998
A23560,0.98,3136.9900000000002,3074.2502
A28613,0.94,3214.06,3021.2164
A28800,0.9666666666666667,3112.5499999999997,3008.798333333333
A09571,0.9133333333333333,3268.2,2984.9559999999997
A20031,0.9466666666666667,3107.27,2941.5489333333335
A09572,0.92,3186.9900000000002,2932.0308000000005
A77015,0.9333333333333333,3105.9900000000002,2898.9240000000004
A22210,0.92,3147.55,2895.746
A90450,0.9466666666666667,2982.7400000000002,2823.6605333333337
A35501,0.16,17517.05,2802.728
A22783,0.9733333333333334,2878.34,2801.5842666666667
A37600,0.8933333333333333,3133.74,2799.4743999999996
A23087,0.9333333333333333,2967.45,2769.62
A17290,0.9266666666666666,2984.64,2765.7664
A52050,0.9466666666666667,2905.19,2750.2465333333334
A60135,0.92,2980.0299999999997,2741.6276
A85900,0.9133333333333333,2994.81,2735.2598
A04671,0.9333333333333333,2928.42,2733.192
A26525,0.9066666666666666,2963.5699999999997,2686.970133333333
A68005,0.96,2782.13,2670.8448
A28860,0.9666666666666667,2753.75,2661.9583333333335
A20530,0.96,2768.89,2658.1344
A13870,0.8333333333333334,3143.92,2619.9333333333334
A74815,0.9133333333333333,2856.08,2608.5530666666664
A39480,0.94,2773.07,2606.6858
A35901,0.9266666666666666,2775.11,2571.6019333333334
A91770,0.9266666666666666,2758.56,2556.2655999999997
A17012,0.94,2715.54,2552.6076
A18170,0.8866666666666667,2852.7599999999998,2529.4472
A78635,0.9133333333333333,2758.87,2519.767933333333
A35179,0.9333333333333333,2696.82,2517.032
A73252,0.96,2606.42,2502.1632
A21830,0.9333333333333333,2658.25,2481.0333333333333
A89580,0.9133333333333333,2715.57,2480.2206
A22040,0.94,2619.68,2462.4991999999997
A71010,0.9466666666666667,2582.06,2444.3501333333334
A14021,0.9866666666666667,2470.32,2437.3824000000004
A42850,0.96,2538.44,2436.9024
A22041,0.9866666666666667,2468.08,2435.1722666666665
A04815,0.9266666666666666,2626.03,2433.4544666666666
A22733,0.94,2587.75,2432.4849999999997
A39680,0.9466666666666667,2562.96,2426.2688
A37500,0.8733333333333333,2773.64,2422.3122666666663
A13040,0.8866666666666667,2708.9300000000003,2401.9179333333336
A29166,1.0,2396.46,2396.46
A97050,0.92,2594.48,2386.9216
A59020,0.9266666666666666,2566.89,2378.6513999999997
A05016,0.9733333333333334,2430.83,2366.007866666667
A28380,0.8933333333333333,2645.37,2363.1972
A37580,0.9333333333333333,2530.28,2361.594666666667
A19015,0.92,2564.34,2359.1928000000003
A13041,0.8933333333333333,2605.02,2327.1512
A95625,0.9133333333333333,2533.85,2314.2496666666666
A87502,0.9333333333333333,2459.39,2295.4306666666666
A19600,0.9933333333333333,2310.5299999999997,2295.126466666666
A69900,0.96,2384.29,2288.9184
A97070,0.9733333333333334,2344.4,2281.882666666667
A24344,0.9066666666666666,2482.99,2251.244266666666
A28890,0.92,2446.54,2250.8168
A09041,0.9133333333333333,2451.2400000000002,2238.7992000000004
A28030,1.0,2228.55,2228.55
A14403,0.9,2466.77,2220.093
A26950,0.9933333333333333,2234.66,2219.7622666666666
A29200,0.9533333333333334,2292.2,2185.2306666666664
A88113,0.92,2374.33,2184.3836
A18090,0.96,2269.34,2178.5664
A92310,0.9933333333333333,2193.15,2178.529
A75830,0.9733333333333334,2234.76,2175.1664000000005
A23020,0.92,2349.81,2161.8252
A13064,0.9733333333333334,2220.08,2160.8778666666667
A39100,0.9133333333333333,2364.29,2159.3848666666668
A24435,0.9533333333333334,2237.93,2133.4932666666664
A22020,0.9866666666666667,2154.2400000000002,2125.5168000000003
A14870,0.9933333333333333,2138.77,2124.5115333333333
A13045,0.9133333333333333,2321.42,2120.230266666667
A85903,0.9533333333333334,2212.9700000000003,2109.698066666667
A37552,0.9333333333333333,2257.69,2107.1773333333335
A78643,0.9066666666666666,2302.62,2087.7088
A56280,0.96,2169.58,2082.7968
A13020,0.9466666666666667,2193.2,2076.229333333333
A04675,0.9533333333333334,2176.32,2074.7584
A90670,0.9266666666666666,2229.58,2066.0774666666666
A35570,0.98,2107.41,2065.2617999999998
A38701,0.98,2107.34,2065.1932
A92200,0.9133333333333333,2260.42,2064.5169333333333
A03127,0.9066666666666666,2264.6,2053.237333333333
A21031,0.9733333333333334,2109.1800000000003,2052.9352000000003
A09851,0.9533333333333334,2152.05,2051.621
A19900,0.98,2089.08,2047.2984
A40150,0.88,2326.03,2046.9064
A25550,0.8933333333333333,2288.49,2044.3843999999997
A88790,0.9266666666666666,2202.73,2041.1964666666665
A49048,0.9933333333333333,2049.93,2036.2637999999997
A09181,0.9466666666666667,2148.33,2033.7523999999999
A35400,0.9666666666666667,2084.01,2014.5430000000001
A14027,0.9466666666666667,2109.5099999999998,1997.0027999999998
A94010,0.98,2035.0,1994.3
A13470,0.92,2164.58,1991.4136
A18520,0.86,2314.86,1990.7796
A22780,0.9933333333333333,2000.79,1987.4514
A09280,0.9866666666666667,2012.24,1985.4101333333333
A13295,0.98,2020.57,1980.1586
A96170,0.92,2135.38,1964.5496000000003
A60120,0.9,2173.14,1955.826
A80230,0.9266666666666666,2108.55,1953.923
A04205,0.88,2214.9,1949.112
A81110,0.9666666666666667,1995.36,1928.848
A13207,0.96,2008.54,1928.1984
A27963,0.9333333333333333,2061.6499999999996,1924.2066666666663
A99500,0.9466666666666667,2030.93,1922.6137333333334
A91520,0.9666666666666667,1960.67,1895.3143333333335
A26220,0.9733333333333334,1942.9,1891.0893333333336
A38402,0.96,1950.99,1872.9504
A05128,0.9933333333333333,1881.97,1869.4235333333334
A18285,0.9933333333333333,1881.5,1868.9566666666665
A91130,0.98,1904.41,1866.3218
A29230,0.94,1983.8000000000002,1864.7720000000002
A65055,0.9066666666666666,2053.76,1862.0757333333333
A27197,0.9733333333333334,1905.29,1854.4822666666666
A88135,0.8866666666666667,2083.7200000000003,1847.565066666667
A11431,0.9666666666666667,1907.29,1843.7136666666665
A66060,0.9733333333333334,1876.38,1826.3432000000003
A39260,0.86,2113.88,1817.9368000000002
A88310,0.9466666666666667,1920.09,1817.6852
A48700,0.96,1889.1399999999999,1813.5743999999997
A18048,0.8866666666666667,2042.93,1811.3979333333334
A78065,0.8866666666666667,2039.6,1808.4453333333333
A14781,0.8866666666666667,2037.0,1806.14
A08780,0.98,1840.49,1803.6802
A03563,0.88,2048.5299999999997,1802.7063999999998
A28605,0.96,1872.68,1797.7728
A08830,0.8733333333333333,2049.35,1789.7656666666664
A13486,0.9333333333333333,1912.88,1785.3546666666668
A86800,0.9733333333333334,1826.74,1778.0269333333335
A81020,0.9266666666666666,1908.05,1768.1263333333332
A07791,0.94,1873.58,1761.1652
A89253,0.9066666666666666,1932.81,1752.4144
A28941,0.94,1860.23,1748.6162
A19360,0.9266666666666666,1884.6000000000001,1746.3960000000002
A08140,0.98,1776.6299999999999,1741.0973999999999
A95590,0.98,1775.13,1739.6274
A44571,0.9666666666666667,1794.87,1735.041
A18300,0.9466666666666667,1826.07,1728.6796
A89130,0.9933333333333333,1739.19,1727.5954
A71931,0.9333333333333333,1850.11,1726.7693333333332
A65076,0.8933333333333333,1932.83,1726.6614666666665
A86300,0.8733333333333333,1975.63,1725.3835333333334
A89120,0.9666666666666667,1784.59,1725.1036666666666
A06447,0.92,1873.8899999999999,1723.9787999999999
A78075,0.9666666666666667,1777.56,1718.308
A77600,0.9533333333333334,1799.04,1715.0848
A72860,0.9733333333333334,1756.22,1709.3874666666668
A47802,0.9466666666666667,1793.32,1697.6762666666666
A71015,0.94,1795.2,1687.488
A37505,0.8933333333333333,1887.0,1685.72
A21061,0.9266666666666666,1816.17,1682.9842
A27273,0.9266666666666666,1810.08,1677.3408
A07152,0.96,1744.91,1675.1136
A46430,0.8866666666666667,1882.8400000000001,1669.4514666666669
A13254,0.9,1854.24,1668.816
A09310,0.9533333333333334,1747.6100000000001,1666.0548666666668
A15385,0.92,1810.85,1665.982
A01420,0.9333333333333333,1784.83,1665.8413333333333
A85555,0.92,1809.48,1664.7216
A29215,0.9266666666666666,1787.72,1656.6205333333332
A09715,0.96,1720.9099999999999,1652.0735999999997
A06386,0.9866666666666667,1672.8,1650.496
A22245,0.9133333333333333,1801.77,1645.6166
A92020,0.92,1783.21,1640.5532
A78280,0.9466666666666667,1731.12,1638.7936
A31110,0.9466666666666667,1720.49,1628.7305333333334
A18075,0.8933333333333333,1823.16,1628.6896
A12240,0.9066666666666666,1793.48,1626.0885333333333
A29164,0.94,1729.06,1625.3164
A13920,0.9,1796.53,1616.877
A87013,0.9866666666666667,1638.31,1616.4658666666667
A24422,0.96,1681.78,1614.5087999999998
A96180,0.94,1716.75,1613.745
A12951,0.9466666666666667,1703.0800000000002,1612.2490666666667
A08150,0.9133333333333333,1755.21,1603.0918
A94930,0.94,1700.17,1598.1598
A06655,0.9333333333333333,1711.44,1597.344
A81830,0.9133333333333333,1742.69,1591.6568666666667
A11446,0.96,1655.44,1589.2224
A29306,0.9533333333333334,1660.74,1583.2388
A04890,0.9666666666666667,1635.65,1581.1283333333333
A96040,0.9333333333333333,1689.56,1576.9226666666666
A96230,0.8933333333333333,1750.75,1564.0033333333333
A25680,0.9866666666666667,1583.45,1562.3373333333334
A35557,0.9533333333333334,1638.44,1561.9794666666667
A07179,0.9466666666666667,1640.3799999999999,1552.8930666666665
A72215,0.9733333333333334,1595.17,1552.6321333333335
A22713,0.9733333333333334,1587.8700000000001,1545.5268
A80330,0.9933333333333333,1553.83,1543.4711333333332
A20921,0.9133333333333333,1689.83,1543.3780666666667
A36307,0.9333333333333333,1650.42,1540.392
A23575,0.9333333333333333,1646.15,1536.4066666666668
A12970,0.98,1564.32,1533.0336
A14094,0.9466666666666667,1617.82,1531.5362666666665
A95020,0.94,1629.1,1531.3539999999998
A30220,0.8666666666666667,1762.97,1527.9073333333333
A12280,0.9133333333333333,1666.8899999999999,1522.4261999999999
A39390,0.94,1618.27,1521.1737999999998
A89160,0.96,1581.8500000000001,1518.576
A25931,0.9466666666666667,1602.95,1517.4593333333335
A36700,0.9066666666666666,1667.77,1512.1114666666665
A21020,0.9333333333333333,1618.3700000000001,1510.4786666666669
A38411,0.9733333333333334,1550.54,1509.1922666666667
A22755,0.9133333333333333,1646.82,1504.0955999999999
A12070,0.96,1566.39,1503.7344
A04269,0.9133333333333333,1644.3,1501.7939999999999
A88353,0.92,1621.95,1492.1940000000002
A35700,0.30666666666666664,4861.68,1490.9152
A70660,0.9333333333333333,1596.42,1489.9920000000002
A95860,0.92,1619.28,1489.7376
A55590,0.9266666666666666,1605.2,1487.4853333333333
A23095,0.9533333333333334,1556.67,1484.0254000000002
A21715,0.88,1684.79,1482.6152
A31070,0.94,1577.17,1482.5398
A29903,0.9266666666666666,1596.38,1479.3121333333333
A12570,0.98,1505.14,1475.0372
A29600,0.9333333333333333,1568.77,1464.1853333333333
A88054,0.9133333333333333,1596.13,1457.7987333333335
A12301,0.9133333333333333,1594.18,1456.0177333333334
A29930,0.9666666666666667,1503.91,1453.7796666666668
A12241,0.8933333333333333,1627.32,1453.7392
A95095,0.9666666666666667,1496.48,1446.5973333333334
A11020,0.9866666666666667,1463.0,1443.4933333333333
A24808,0.9666666666666667,1489.52,1439.8693333333333
A02925,0.86,1671.8700000000001,1437.8082000000002
A65800,0.96,1496.78,1436.9088
A38190,0.9533333333333334,1507.13,1436.797266666667
A81210,0.9666666666666667,1485.34,1435.8286666666665
A14811,0.9866666666666667,1449.06,1429.7392
A06184,0.94,1518.3799999999999,1427.2771999999998
A76450,0.9133333333333333,1561.6200000000001,1426.2796
A96810,0.26666666666666666,5347.88,1426.1013333333333
A31744,0.8666666666666667,1641.8899999999999,1422.9713333333332
A83408,0.8933333333333333,1588.23,1418.8188
A07178,0.9466666666666667,1498.19,1418.2865333333334
A83900,0.9333333333333333,1519.07,1417.7986666666666
A95330,1.0,1415.77,1415.77
A19880,0.9466666666666667,1495.29,1415.5412
A31540,0.9733333333333334,1446.68,1408.1018666666669
A22620,0.8866666666666667,1579.84,1400.7914666666666
A95200,0.8933333333333333,1565.41,1398.4329333333333
A36889,0.92,1505.02,1384.6184
A29100,0.9733333333333334,1420.71,1382.8244000000002
A75650,0.9333333333333333,1479.79,1381.1373333333333
A35650,0.9,1527.98,1375.182
A12919,0.9733333333333334,1411.24,1373.6069333333335
A35660,0.24,5719.12,1372.5888
A13426,0.8933333333333333,1535.9,1372.0706666666667
A62930,0.9533333333333334,1436.57,1369.5300666666667
A15040,0.94,1446.43,1359.6442
A90650,0.9133333333333333,1486.5900000000001,1357.7522000000001
A86380,0.9733333333333334,1392.28,1355.1525333333334
A36201,0.9266666666666666,1460.76,1353.6376
A13504,0.9933333333333333,1355.99,1346.9500666666665
A72445,0.9266666666666666,1453.45,1346.8636666666666
A40800,0.9733333333333334,1382.27,1345.4094666666667
A09350,0.9466666666666667,1406.26,1331.2594666666666
A89204,0.9333333333333333,1426.24,1331.1573333333333
A39200,0.9733333333333334,1362.8600000000001,1326.5170666666668
A81810,0.9133333333333333,1451.75,1325.9316666666666
A20040,0.2733333333333333,4828.78,1319.866533333333
A20931,0.9,1466.49,1319.8410000000001
A39740,0.9733333333333334,1354.56,1318.4384
A13460,1.0,1314.25,1314.25
A97800,0.4066666666666667,3228.11,1312.7647333333334
A24751,0.9733333333333334,1346.01,1310.1164
A06787,0.92,1420.61,1306.9612
A11013,0.98,1330.73,1304.1154
A15170,0.9266666666666666,1404.3899999999999,1301.4013999999997
A23036,0.98,1326.92,1300.3816
A17600,0.94,1378.03,1295.3482
A20011,0.92,1407.53,1294.9276
A11045,0.9866666666666667,1311.51,1294.0232
A20250,0.8933333333333333,1447.46,1293.0642666666668
A24445,0.9866666666666667,1305.0700000000002,1287.6690666666668
A39440,1.0,1286.23,1286.23
A06756,0.9133333333333333,1407.85,1285.8363333333332
A23092,0.9933333333333333,1293.39,1284.7674
A88062,0.96,1336.8799999999999,1283.4047999999998
A90240,0.43333333333333335,2955.54,1280.734
A11533,0.9133333333333333,1400.8,1279.3973333333333
A91330,0.9466666666666667,1346.57,1274.7529333333332
A14887,0.9466666666666667,1346.55,1274.734
A62500,0.9466666666666667,1341.08,1269.5557333333331
A03254,0.9266666666666666,1368.58,1268.2174666666665
A95560,0.8933333333333333,1416.23,1265.1654666666666
A15055,0.9133333333333333,1376.55,1257.249
A08120,0.9133333333333333,1374.22,1255.1209333333334
A29901,0.9266666666666666,1353.5,1254.2433333333333
A14200,0.96,1297.8899999999999,1245.9743999999998
A29300,0.98,1271.15,1245.727
A15880,0.94,1322.96,1243.5824
A13323,0.9133333333333333,1359.7,1241.8593333333333
A22793,0.1,12371.46,1237.146
A08673,0.9866666666666667,1253.15,1236.4413333333334
A08588,0.9333333333333333,1324.35,1236.06
A05145,0.9933333333333333,1242.25,1233.9683333333332
A06233,0.8733333333333333,1411.24,1232.4829333333332
A88705,0.92,1336.34,1229.4328
A08573,0.8533333333333334,1437.3600000000001,1226.5472000000002
A25720,0.9733333333333334,1257.8600000000001,1224.317066666667
A35860,0.9266666666666666,1317.91,1221.2632666666666
A85877,0.9466666666666667,1288.2,1219.496
A98600,0.96,1270.21,1219.4016
A05083,0.9066666666666666,1343.65,1218.2426666666668
A09170,0.92,1322.35,1216.562
A04880,0.9266666666666666,1310.73,1214.6098
A83085,0.9333333333333333,1298.18,1211.6346666666668
A87200,1.0,1210.78,1210.78
A35600,0.9733333333333334,1242.43,1209.2985333333334
A90130,0.9866666666666667,1224.39,1208.0648
A28970,0.07333333333333333,16431.58,1204.9825333333335
A19907,0.9,1338.28,1204.452
A91260,0.9666666666666667,1245.29,1203.7803333333334
A75200,0.41333333333333333,2892.0299999999997,1195.3724
A36800,0.9866666666666667,1205.52,1189.4464
A16010,0.9,1320.17,1188.153
A66063,0.23333333333333334,5061.38,1180.9886666666666
A71680,0.9866666666666667,1193.53,1177.6162666666667
A11040,0.98,1199.62,1175.6275999999998
A24220,0.10666666666666667,10936.94,1166.6069333333335
A88701,0.20666666666666667,5590.25,1155.3183333333334
A18760,0.37333333333333335,3076.6600000000003,1148.6197333333334
A13455,0.9733333333333334,1180.01,1148.5430666666666
A36500,0.3,3814.09,1144.227
A09668,0.9066666666666666,1260.8,1143.1253333333332
A95032,0.9866666666666667,1154.63,1139.2349333333334
A75860,0.96,1179.15,1131.9840000000002
A08773,0.16666666666666666,6773.150000000001,1128.8583333333333
A07417,0.92,1226.68,1128.5456000000001
A03816,0.9533333333333334,1182.5900000000001,1127.402466666667
A09341,0.20666666666666667,5439.03,1124.0662
A13660,0.9666666666666667,1162.82,1124.0593333333334
A90660,0.88,1275.46,1122.4048
A36280,0.98,1143.5,1120.6299999999999
A05011,0.9333333333333333,1199.1399999999999,1119.1973333333333
A08674,0.9266666666666666,1205.15,1116.7723333333333
A88104,0.9533333333333334,1169.06,1114.5038666666667
A85801,0.94,1185.54,1114.4076
A21311,0.92,1209.1599999999999,1112.4271999999999
A08295,0.96,1158.16,1111.8336
A04717,0.9333333333333333,1188.26,1109.0426666666667
A38061,0.9266666666666666,1195.56,1107.8855999999998
A21820,0.9266666666666666,1195.09,1107.4500666666665
A28623,0.8866666666666667,1245.77,1104.5827333333334
A45605,0.9933333333333333,1104.3,1096.9379999999999
A13567,0.9533333333333334,1148.96,1095.3418666666666
A90035,0.42,2602.89,1093.2138
A08970,0.9533333333333334,1146.52,1093.0157333333334
A25750,0.9733333333333334,1118.48,1088.6538666666668
A47850,0.18,6042.81,1087.7058
A13802,0.9333333333333333,1158.47,1081.2386666666666
A08215,0.9,1201.21,1081.0890000000002
A62800,0.8933333333333333,1209.54,1080.5223999999998
A86430,0.9466666666666667,1140.61,1079.7774666666667
A13346,0.9266666666666666,1162.45,1077.2036666666668
A12922,0.9733333333333334,1106.47,1076.9641333333334
A20220,0.92,1169.98,1076.3816000000002
A08775,0.9533333333333334,1127.85,1075.2169999999999
A23520,0.9933333333333333,1081.74,1074.5284
A28013,0.9866666666666667,1087.43,1072.9309333333333
A96400,0.17333333333333334,6175.54,1070.4269333333334
A13510,0.8933333333333333,1194.21,1066.8276
A71937,0.20666666666666667,5152.81,1064.9140666666667
A87303,0.9733333333333334,1084.98,1056.0472
A23066,0.4266666666666667,2469.19,1053.5210666666667
A12236,0.92,1138.27,1047.2084
A76811,0.9466666666666667,1105.15,1046.2086666666667
A40296,0.9266666666666666,1126.1299999999999,1043.5471333333332
A13273,0.98,1060.8700000000001,1039.6526000000001
A78640,0.94,1103.73,1037.5062
A13059,0.9866666666666667,1049.84,1035.8421333333333
A11713,0.4,2588.5499999999997,1035.4199999999998
A28110,0.92,1116.34,1027.0328
A36070,0.96,1066.27,1023.6192
A02927,0.8866666666666667,1153.5,1022.7700000000001
A97541,0.92,1108.91,1020.1972000000001
A89210,0.9133333333333333,1114.81,1018.1931333333333
A23545,0.9266666666666666,1098.27,1017.7302
A13203,0.9,1130.07,1017.063
A03286,0.9533333333333334,1065.87,1016.1293999999999
A07115,0.94,1073.55,1009.137
A05586,0.9466666666666667,1063.5,1006.78
A41490,0.9666666666666667,1040.48,1005.7973333333333
A88303,0.98,1019.89,999.4922
A13503,0.9333333333333333,1070.75,999.3666666666667
A13405,0.9466666666666667,1055.0,998.7333333333333
A09020,0.94,1059.66,996.0804
A14409,0.9266666666666666,1074.67,995.8608666666667
A09790,0.23333333333333334,4265.72,995.3346666666667
A35010,0.9533333333333334,1043.18,994.4982666666667
A29108,0.94,1050.08,987.0751999999999
A29182,0.92,1072.08,986.3136
A71805,0.94,1045.8899999999999,983.1365999999998
A34400,0.9733333333333334,1009.52,982.5994666666667
A06162,0.8866666666666667,1103.77,978.6760666666667
A95690,0.9333333333333333,1044.15,974.5400000000001
A22790,0.06,16217.51,973.0506
A18085,0.9666666666666667,1004.55,971.0649999999999
A13700,0.94,1031.58,969.6851999999999
A98803,0.92,1053.3,969.036
A04144,0.15333333333333332,6279.63,962.8765999999999
A30510,0.9266666666666666,1038.35,962.2043333333332
A30441,0.29333333333333333,3277.51,961.4029333333334
A23970,0.17333333333333334,5541.57,960.5388
A08615,0.9666666666666667,992.48,959.3973333333333
A36035,0.9466666666666667,1011.3299999999999,957.3924
A92412,0.9466666666666667,1010.98,957.0610666666666
A15505,0.9066666666666666,1054.83,956.3791999999999
A27943,0.88,1078.36,948.9567999999999
A90440,0.8933333333333333,1061.37,948.1571999999999
A27916,0.96,976.77,937.6991999999999
A28500,0.9333333333333333,1001.88,935.088
A39560,0.24666666666666667,3782.5,933.0166666666667
A04321,0.94,991.82,932.3108
A30880,0.98,949.87,930.8726
A28022,0.9533333333333334,973.08,927.6696000000001
A13185,0.9866666666666667,938.58,926.0656
A36520,0.9933333333333333,931.3900000000001,925.1807333333334
A14820,0.92,1000.22,920.2024
A17690,0.9066666666666666,1013.3199999999999,918.7434666666666
A18150,0.3933333333333333,2330.25,916.5649999999999
A21351,0.92,989.37,910.2204
A17900,0.22666666666666666,4015.21,910.1142666666666
A01311,0.2,4548.93,909.7860000000001
A48903,0.9266666666666666,981.5400000000001,909.5604000000001
A96508,0.24,3787.64,909.0336
A08737,0.96,943.58,905.8368
A13320,0.9133333333333333,990.9300000000001,905.0494000000001
A04747,0.9333333333333333,968.55,903.98
A13221,0.98,922.29,903.8442
A19906,0.9533333333333334,946.49,902.3204666666667
A25585,0.94,956.9,899.4859999999999
A22745,0.22666666666666666,3956.4300000000003,896.7908
A66085,0.31333333333333335,2854.37,894.3692666666667
A23052,0.25333333333333335,3517.91,891.2038666666667
A35530,0.52,1710.56,889.4912
A23078,0.94,946.09,889.3246
A04679,0.92,965.29,888.0668000000001
A20081,0.14666666666666667,6003.09,880.4532
A88301,0.17333333333333334,5075.09,879.6822666666667
A14025,0.9266666666666666,946.0600000000001,876.6822666666667
A21920,0.9866666666666667,885.6,873.792
A09550,0.92,946.84,871.0928
A91120,0.98,884.05,866.3689999999999
A78048,0.2733333333333333,3165.2799999999997,865.1765333333332
A74610,0.9533333333333334,906.86,864.5398666666667
A07174,0.94,918.55,863.4369999999999
A06182,0.9266666666666666,930.89,862.6247333333333
A13013,0.92,934.27,859.5284
A84600,0.18666666666666668,4600.74,858.8048
A66095,0.22,3901.84,858.4048
A06807,0.9133333333333333,934.5699999999999,853.5739333333332
A13607,0.98,865.28,847.9744
A21331,0.96,883.06,847.7375999999999
A60192,0.24,3529.6800000000003,847.1232
A13060,0.14,6031.54,844.4156
A78700,0.2733333333333333,3073.58,840.1118666666666
A04929,0.92,910.6700000000001,837.8164000000002
A21941,0.13333333333333333,6267.02,835.6026666666667
A07134,0.29333333333333333,2839.24,832.8437333333333
A49025,0.3466666666666667,2395.5699999999997,830.4642666666666
A90110,0.26,3192.49,830.0473999999999
A86390,0.96,863.1700000000001,828.6432000000001
A04447,0.9066666666666666,910.6899999999999,825.6922666666666
A92330,0.9466666666666667,872.1700000000001,825.6542666666667
A12940,0.26,3171.14,824.4964
A39900,0.30666666666666664,2675.2599999999998,820.4130666666665
A85570,0.94,872.09,819.7646
A92320,0.3333333333333333,2455.25,818.4166666666666
A42700,0.31333333333333335,2606.7400000000002,816.7785333333335
A22735,0.37333333333333335,2184.4700000000003,815.5354666666668
A38412,0.18,4485.83,807.4494
A18087,0.9933333333333333,811.17,805.7621999999999
A75110,0.28,2863.53,801.7884000000001
A27910,0.2866666666666667,2766.56,793.0805333333334
A29162,0.32666666666666666,2424.73,792.0784666666667
A18020,0.8866666666666667,885.62,785.2497333333333
A14090,0.18,4345.26,782.1468
A29560,0.22666666666666666,3443.3900000000003,780.5017333333334
A06213,0.9133333333333333,852.8,778.8906666666667
A80020,0.20666666666666667,3757.27,776.5024666666667
A78890,0.28,2759.57,772.6796000000002
A26070,0.24,3206.45,769.5479999999999
A35950,0.9533333333333334,807.0600000000001,769.3972000000001
A15370,0.18666666666666668,4114.82,768.0997333333333
A08710,0.2866666666666667,2675.38,766.9422666666667
A59152,0.9066666666666666,839.9,761.5093333333333
A06656,0.9066666666666666,839.03,760.7205333333333
A06823,0.22666666666666666,3342.91,757.7262666666666
A36880,0.17333333333333334,4369.96,757.4597333333334
A20941,0.2733333333333333,2766.82,756.2641333333333
A13098,0.18,4149.4,746.8919999999999
A19780,0.24,3090.56,741.7343999999999
A05414,0.2866666666666667,2586.83,741.5579333333334
A93180,0.96,772.15,741.2639999999999
A36415,0.26,2850.82,741.2132
A02435,0.10666666666666667,6935.69,739.8069333333333
A82820,0.2866666666666667,2577.61,738.9148666666667
A37750,0.3933333333333333,1877.13,738.3378
A23070,0.2733333333333333,2700.47,738.1284666666666
A43700,0.16,4601.58,736.2528
A25850,0.36666666666666664,2005.97,735.5223333333333
A78050,0.12,6107.57,732.9083999999999
A27323,0.2,3658.71,731.7420000000001
A83045,0.9466666666666667,772.02,730.8456
A12608,0.9333333333333333,778.74,726.8240000000001
A21073,0.24,3026.68,726.4032
A29106,0.18666666666666668,3889.17,725.9784000000001
A30882,0.42,1722.87,723.6053999999999
A23085,0.8866666666666667,814.9599999999999,722.5978666666666
A09990,0.26,2775.35,721.591
A01421,0.9,799.29,719.361
A88338,0.8866666666666667,806.67,715.2474
A36047,0.9733333333333334,734.53,714.9425333333334
A16403,0.22666666666666666,3152.97,714.6732
A05857,0.8933333333333333,799.2,713.952
A13830,0.14666666666666667,4842.92,710.2949333333333
A28027,0.9466666666666667,749.44,709.4698666666667
A71505,0.9333333333333333,759.6800000000001,709.0346666666667
A28660,0.35333333333333333,1990.45,703.2923333333333
A95084,0.18666666666666668,3763.2200000000003,702.4677333333334
A49020,0.20666666666666667,3396.94,702.0342666666667
A32013,0.96,731.21,701.9616
A06710,0.2733333333333333,2564.0699999999997,700.8457999999998
A65058,0.20666666666666667,3370.48,696.5658666666667
A88140,0.24,2902.06,696.4943999999999
A99200,0.24666666666666667,2810.09,693.1555333333334
A38050,0.20666666666666667,3350.42,692.4201333333333
A21320,0.9533333333333334,722.3000000000001,688.5926666666668
A08240,0.14,4904.9,686.686
A95800,0.3,2276.95,683.0849999999999
A13360,0.15333333333333332,4452.48,682.7135999999999
A28460,0.9866666666666667,691.6800000000001,682.4576000000001
A78740,0.9866666666666667,690.2700000000001,681.0664000000002
A71020,0.14,4864.35,681.0090000000001
A17047,0.25333333333333335,2659.9500000000003,673.8540000000002
A49050,0.35333333333333333,1899.44,671.1354666666667
A41701,0.2866666666666667,2333.52,668.9424
A45400,0.11333333333333333,5896.03,668.2167333333333
A13058,0.3,2224.78,667.4340000000001
A14020,0.14666666666666667,4547.89,667.0238666666667
A20071,0.38,1754.86,666.8467999999999
A38182,0.18666666666666668,3565.37,665.5357333333334
A13085,0.13333333333333333,4977.18,663.624
A45820,0.14,4737.91,663.3074
A12090,1.0,661.89,661.89
A14530,0.4066666666666667,1626.27,661.3498
A78320,0.22,3005.33,661.1726
A35720,0.88,750.6500000000001,660.5720000000001
A80730,0.19333333333333333,3415.42,660.3145333333333
A09240,0.98,673.04,659.5791999999999
A66615,0.23333333333333334,2824.96,659.1573333333333
A30160,0.1,6577.27,657.7270000000001
A13472,0.31333333333333335,2090.82,655.1236000000001
A13710,0.9266666666666666,703.1700000000001,651.6042
A31930,0.94,692.41,650.8653999999999
A15056,0.26,2499.98,649.9948
A12286,0.9266666666666666,699.52,648.2218666666666
A13930,0.24,2700.75,648.18
A22760,0.32,2025.36,648.1152
A66087,0.18666666666666668,3471.48,648.0096
A06210,0.9066666666666666,712.44,645.9456
A22460,0.17333333333333334,3709.1099999999997,642.9123999999999
A14801,0.14,4590.06,642.6084000000001
A14783,0.4666666666666667,1376.77,642.4926666666667
A28893,0.49333333333333335,1295.27,638.9998666666667
A58037,0.18,3545.67,638.2206
A90520,0.24666666666666667,2578.5,636.03
A28740,0.41333333333333333,1538.5700000000002,635.9422666666667
A08460,0.8866666666666667,714.69,633.6918000000001
A12954,0.36,1758.76,633.1536
A13083,0.12666666666666668,4987.71,631.7766
A27175,0.29333333333333333,2153.16,631.5935999999999
A87083,0.31333333333333335,2010.86,630.0694666666667
A31340,0.4,1568.76,627.504
A85812,0.14,4473.07,626.2298000000001
A23587,0.24,2607.27,625.7447999999999
A19013,0.21333333333333335,2931.2,625.3226666666667
A09961,0.9333333333333333,669.89,625.2306666666667
A44700,0.18666666666666668,3349.22,625.1877333333333
A28930,0.12,5208.6,625.032
A91720,0.47333333333333333,1318.69,624.1799333333333
A13478,0.20666666666666667,3016.26,623.3604
A37200,0.05333333333333334,11679.55,622.9093333333333
A21620,0.9466666666666667,655.6800000000001,620.7104
A93260,0.17333333333333334,3574.2200000000003,619.5314666666667
A29175,0.21333333333333335,2899.66,618.5941333333334
A15990,0.20666666666666667,2991.1,618.1606666666667
A38320,0.16,3862.4700000000003,617.9952000000001
A38840,0.16,3834.96,613.5936
A91250,0.9333333333333333,657.08,613.2746666666667
A04278,0.3466666666666667,1767.79,612.8338666666667
A91450,0.25333333333333335,2411.37,610.8804
A03570,0.32666666666666666,1868.9,610.5073333333333
A89820,0.2,3036.63,607.326
A34006,0.11333333333333333,5352.05,606.5656666666666
A86990,0.26666666666666666,2269.17,605.112
A05006,0.20666666666666667,2925.88,604.6818666666667
A11250,0.06666666666666667,9049.35,603.29
A32285,0.9733333333333334,619.47,602.9508000000001
A03080,0.35333333333333333,1704.73,602.3379333333334
A17890,0.3333333333333333,1801.53,600.51
A86010,0.12,5000.21,600.0251999999999
A22740,0.17333333333333334,3456.05,599.0486666666667
A16201,0.32666666666666666,1832.56,598.6362666666666
A32260,0.25333333333333335,2351.78,595.7842666666668
A31230,0.92,647.19,595.4148000000001
A78300,0.3933333333333333,1512.48,594.9087999999999
A83750,0.38666666666666666,1538.5,594.8866666666667
A22770,0.3333333333333333,1780.72,593.5733333333333
A09121,0.22,2696.27,593.1794
A11035,0.10666666666666667,5552.1900000000005,592.2336000000001
A69918,0.26,2277.66,592.1916
A13631,0.3333333333333333,1776.27,592.0899999999999
A35450,0.3,1969.79,590.937
A75800,0.26,2262.45,588.237
A89227,0.3466666666666667,1696.1,587.9813333333333
A78556,0.32666666666666666,1794.28,586.1314666666666
A91760,0.2,2910.17,582.034
A38440,0.14,4156.07,581.8498
A21221,0.38666666666666666,1498.87,579.5630666666666
A22795,0.08,7233.6,578.688
A04904,0.20666666666666667,2778.57,574.2378
A41600,0.14,4096.34,573.4876
A29500,0.2,2859.08,571.816
A07500,0.5466666666666666,1041.62,569.4189333333333
A21215,0.30666666666666664,1854.14,568.6029333333333
A86020,0.18666666666666668,3030.44,565.6821333333334
A06341,0.32666666666666666,1731.2,565.5253333333334
A60175,0.25333333333333335,2222.15,562.9446666666668
A85884,0.22,2557.64,562.6808
A25040,0.9866666666666667,570.2,562.5973333333334
A60165,0.20666666666666667,2721.5299999999997,562.4495333333333
A58038,0.08666666666666667,6447.860000000001,558.8145333333334
A09321,0.12666666666666668,4403.2,557.7386666666667
A06160,0.24666666666666667,2251.78,555.4390666666667
A29375,0.22666666666666666,2450.4,555.424
A16370,0.14666666666666667,3743.96,549.1141333333334
A73813,0.30666666666666664,1787.64,548.2096
A14405,0.23333333333333334,2347.21,547.6823333333333
A04726,0.36666666666666664,1489.45,546.1316666666667
A44900,0.3333333333333333,1630.32,543.4399999999999
A18800,0.12,4496.49,539.5788
A06711,0.18,2995.28,539.1504
A89900,0.1,5390.97,539.0970000000001
A29070,0.19333333333333333,2781.26,537.7102666666667
A88075,0.2866666666666667,1872.74,536.8521333333333
A25710,0.2,2676.52,535.304
A51021,0.18666666666666668,2862.34,534.3034666666667
A36660,0.22,2426.46,533.8212
A96270,0.36666666666666664,1447.93,530.9076666666666
A13610,0.22666666666666666,2338.8199999999997,530.1325333333332
A28020,0.9733333333333334,544.05,529.542
A39404,0.3333333333333333,1586.7,528.9
A13090,0.14,3709.81,519.3734000000001
A28360,0.16666666666666666,3116.01,519.335
A01526,0.32,1615.04,516.8128
A65054,0.2866666666666667,1802.59,516.7424666666667
A08410,0.18,2870.06,516.6107999999999
A68371,0.22666666666666666,2277.3999999999996,516.2106666666666
A03572,0.23333333333333334,2211.36,515.984
A32071,0.38,1357.72,515.9336000000001
A06693,0.31333333333333335,1637.6399999999999,513.1272
A13202,0.14666666666666667,3496.29,512.7892
A06763,0.28,1826.69,511.4732000000001
A90560,0.22666666666666666,2247.84,509.5104
A06719,0.4533333333333333,1121.82,508.55839999999995
A18134,0.94,540.87,508.4178
A30840,0.16,3170.2,507.23199999999997
A23585,0.26,1949.25,506.805
A22230,0.08,6316.12,505.2896
A17050,0.9266666666666666,544.98,505.0148
A19400,0.14666666666666667,3434.58,503.7384
A13091,0.09333333333333334,5392.46,503.29626666666667
A76824,0.16666666666666666,3018.89,503.1483333333333
A06665,0.2866666666666667,1753.16,502.57253333333335
A36016,0.2,2503.04,500.608
A12235,0.14666666666666667,3409.8,500.10400000000004
A36202,0.15333333333333332,3249.03,498.1846
A89010,0.28,1771.16,495.92480000000006
A07130,0.3466666666666667,1427.89,495.00186666666673
A13565,0.14,3533.46,494.68440000000004
A44380,0.35333333333333333,1399.3600000000001,494.4405333333334
A88370,0.1,4940.02,494.00200000000007
A01532,0.12666666666666668,3884.94,492.09240000000005
A20730,0.32,1534.01,490.8832
A22241,0.26,1876.02,487.7652
A34012,0.29333333333333333,1657.18,486.10613333333333
A81070,0.24666666666666667,1969.87,485.90126666666663
A48120,0.37333333333333335,1300.09,485.36693333333335
A31615,0.20666666666666667,2345.24,484.68293333333327
A36200,0.10666666666666667,4527.95,482.98133333333334
A20231,0.24666666666666667,1954.69,482.1568666666667
A24320,0.14666666666666667,3284.82,481.77360000000004
A76980,0.4,1204.36,481.74399999999997
A14091,0.21333333333333335,2255.96,481.2714666666667
A11701,0.18,2671.37,480.84659999999997
A21610,0.12,4003.22,480.3864
A07080,0.2866666666666667,1672.24,479.3754666666667
A78043,0.21333333333333335,2245.47,479.0336
A09380,0.94,509.53999999999996,478.96759999999995
A84010,0.26,1842.12,478.9512
A04302,0.09333333333333334,5125.200000000001,478.3520000000001
A28960,0.20666666666666667,2291.61,473.5994
A13806,0.41333333333333333,1142.56,472.2581333333333
A13225,0.24666666666666667,1914.3700000000001,472.2112666666667
A76820,0.12,3920.14,470.41679999999997
A02611,0.4066666666666667,1155.53,469.9155333333333
A32241,0.2,2336.65,467.33000000000004
A17250,0.17333333333333334,2687.45,465.82466666666664
A52011,0.22666666666666666,2052.77,465.29453333333333
A22031,0.08666666666666667,5357.07,464.2794
A13974,0.18666666666666668,2484.14,463.70613333333336
A18610,0.21333333333333335,2168.58,462.6304
A85851,0.30666666666666664,1508.01,462.4564
A98801,0.22,2101.16,462.25519999999995
A57035,0.07333333333333333,6302.21,462.16206666666665
A13603,0.38666666666666666,1195.1000000000001,462.10533333333336
A70390,0.22666666666666666,2033.1,460.83599999999996
A85010,0.22,2092.77,460.4094
A81630,0.12,3824.49,458.93879999999996
A09780,0.21333333333333335,2149.07,458.46826666666675
A15130,0.08,5718.24,457.4592
A20910,0.2,2285.75,457.15000000000003
A95520,0.14666666666666667,3116.08,457.02506666666665
A67200,0.37333333333333335,1222.19,456.2842666666667
A16901,0.13333333333333333,3419.72,455.9626666666666
A90620,0.15333333333333332,2969.27,455.2880666666666
A29161,0.29333333333333333,1552.07,455.27386666666666
A28470,0.12666666666666668,3593.01,455.11460000000005
A22430,0.05333333333333334,8533.11,455.09920000000005
A16020,0.25333333333333335,1794.94,454.7181333333334
A28908,0.13333333333333333,3401.24,453.4986666666666
A40279,0.35333333333333333,1283.4,453.468
A01309,0.21333333333333335,2124.73,453.2757333333334
A35160,0.10666666666666667,4249.36,453.26506666666666
A40140,0.16666666666666666,2719.31,453.2183333333333
A81730,0.28,1610.44,450.92320000000007
A88400,0.15333333333333332,2929.18,449.1409333333333
A21930,0.25333333333333335,1771.08,448.6736
A23050,0.14,3204.63,448.64820000000003
A13905,0.16666666666666666,2690.47,448.41166666666663
A21021,0.12666666666666668,3529.82,447.11053333333336
A05791,0.2866666666666667,1549.57,444.21006666666665
A78600,0.15333333333333332,2895.36,443.9552
A65066,0.22666666666666666,1957.24,443.64106666666663
A80010,0.24,1846.72,443.2128
A82200,0.22666666666666666,1952.6100000000001,442.5916
A28735,0.3466666666666667,1276.27,442.4402666666667
A85415,0.26666666666666666,1659.12,442.43199999999996
A09185,0.31333333333333335,1411.76,442.3514666666667
A01504,0.36,1225.69,441.2484
A91920,0.3,1470.67,441.201
A88106,0.24,1834.3899999999999,440.25359999999995
A04304,0.15333333333333332,2864.13,439.16659999999996
A38184,0.23333333333333334,1877.67,438.12300000000005
A07072,0.37333333333333335,1172.44,437.7109333333334
A17580,0.24,1823.09,437.54159999999996
A90470,0.2733333333333333,1598.97,437.05179999999996
A40301,0.28,1560.58,436.9624
A23071,0.43333333333333335,1008.01,436.8043333333333
A13054,0.08666666666666667,5036.65,436.50966666666665
A04216,0.29333333333333333,1484.25,435.38
A36680,0.18666666666666668,2330.0,434.93333333333334
A18060,0.29333333333333333,1481.47,434.5645333333333
A06462,0.29333333333333333,1480.16,434.1802666666667
A29216,0.10666666666666667,4065.94,433.7002666666667
A13568,0.24,1805.49,433.31759999999997
A90480,0.17333333333333334,2498.97,433.15479999999997
A24431,0.21333333333333335,2028.25,432.6933333333334
A66093,0.32,1349.27,431.7664
A45200,0.3,1439.01,431.703
A88130,0.29333333333333333,1470.87,431.4552
A07091,0.28,1540.81,431.4268
A11702,0.06666666666666667,6465.599999999999,431.03999999999996
A95185,0.17333333333333334,2467.9900000000002,427.7849333333334
A13560,0.08,5340.81,427.26480000000004
A20520,0.05333333333333334,8006.91,427.03520000000003
A76550,0.24,1778.66,426.8784
A82600,0.22,1938.49,426.4678
A13322,0.18,2366.5299999999997,425.9753999999999
A95760,0.26666666666666666,1595.8400000000001,425.55733333333336
A08040,0.23333333333333334,1822.44,425.23600000000005
A17512,0.19333333333333333,2198.46,425.0356
A35960,0.11333333333333333,3747.13,424.67473333333334
A20745,0.23333333333333334,1816.48,423.8453333333334
A09130,0.2733333333333333,1548.77,423.3304666666666
A08421,0.18666666666666668,2266.87,423.14906666666667
A05009,0.19333333333333333,2181.75,421.805
A79051,0.16,2632.56,421.2096
A01313,0.18,2339.3,421.074
A91150,0.25333333333333335,1660.4,420.6346666666667
A79002,0.12,3501.8900000000003,420.2268
A05303,0.15333333333333332,2737.17,419.69939999999997
A44053,0.22666666666666666,1850.2,419.3786666666667
A22763,0.20666666666666667,2028.19,419.15926666666667
A01227,0.24666666666666667,1697.58,418.7364
A15800,0.28,1495.3400000000001,418.69520000000006
A05625,0.18,2325.34,418.5612
A38200,0.16666666666666666,2506.77,417.79499999999996
A80030,0.2,2081.7400000000002,416.34800000000007
A16052,0.26666666666666666,1560.22,416.0586666666667
A08032,0.24,1732.13,415.7112
A35681,0.2,2076.48,415.29600000000005
A88215,0.26666666666666666,1555.52,414.8053333333333
A32315,0.26666666666666666,1554.25,414.46666666666664
A18076,0.23333333333333334,1773.83,413.89366666666666
A13201,0.19333333333333333,2138.2400000000002,413.3930666666667
A09230,0.19333333333333333,2138.18,413.38146666666665
A45836,0.29333333333333333,1409.1399999999999,413.3477333333333
A72225,0.24,1720.12,412.82879999999994
A66035,0.23333333333333334,1762.49,411.2476666666667
A13575,0.19333333333333333,2124.95,410.8236666666666
A95670,0.13333333333333333,3076.34,410.1786666666667
A13760,0.16,2562.32,409.9712
A12945,0.26,1575.93,409.7418
A06460,0.13333333333333333,3071.23,409.49733333333336
A26210,0.36,1135.0,408.59999999999997
A22251,0.05333333333333334,7660.07,408.5370666666667
A08223,0.15333333333333332,2660.22,407.90039999999993
A18275,0.32,1274.35,407.792
A31060,0.22666666666666666,1798.79,407.7257333333333
A72005,0.21333333333333335,1910.19,407.5072
A79500,0.25333333333333335,1606.3300000000002,406.9369333333334
A20030,0.20666666666666667,1967.38,406.5918666666667
A13025,0.13333333333333333,3042.02,405.60266666666666
A22470,0.08666666666666667,4677.93,405.42060000000004
A04543,0.08666666666666667,4675.98,405.2516
A23535,0.22666666666666666,1787.77,405.2278666666666
A13334,0.18666666666666668,2168.78,404.8389333333334
A13175,0.17333333333333334,2335.4,404.8026666666667
A89203,0.14,2890.08,404.61120000000005
A85605,0.21333333333333335,1892.5,403.73333333333335
A14960,0.15333333333333332,2632.81,403.6975333333333
A06018,0.18,2239.3,403.074
A41250,0.24666666666666667,1632.53,402.69073333333336
A52041,0.24,1677.67,402.6408
A81750,0.22666666666666666,1774.92,402.3152
A95300,0.26,1546.35,402.051
A25900,0.28,1432.6200000000001,401.13360000000006
A28633,0.18666666666666668,2145.2,400.4373333333333
A91230,0.26666666666666666,1499.57,399.88533333333334
A18052,0.2733333333333333,1459.37,398.89446666666663
A06775,0.24666666666666667,1616.6399999999999,398.77119999999996
A88060,0.28,1422.3400000000001,398.25520000000006
A13023,0.19333333333333333,2058.49,397.9747333333333
A86055,0.16666666666666666,2385.53,397.58833333333337
A83260,0.17333333333333334,2292.35,397.34066666666666
A36025,0.12,3309.25,397.11
A49160,0.19333333333333333,2052.92,396.8978666666667
A22420,0.15333333333333332,2584.35,396.26699999999994
A21931,0.07333333333333333,5398.41,395.8834
A32600,0.18,2198.56,395.7408
A75780,0.26,1521.56,395.6056
A41100,0.11333333333333333,3474.87,393.81859999999995
A05724,0.24666666666666667,1595.28,393.5024
A13484,0.14,2803.32,392.4648000000001
A93800,0.22666666666666666,1729.17,391.9452
A86047,0.16666666666666666,2349.31,391.5516666666666
A15503,0.2,1955.92,391.184
A88050,0.2733333333333333,1431.0700000000002,391.15913333333333
A36037,0.16666666666666666,2346.15,391.025
A24358,0.20666666666666667,1890.83,390.7715333333333
A12530,0.14666666666666667,2655.2200000000003,389.4322666666667
A21050,0.14666666666666667,2654.37,389.3076
A66055,0.10666666666666667,3641.47,388.4234666666667
A90250,0.21333333333333335,1817.78,387.7930666666667
A91170,0.26,1490.66,387.57160000000005
A41750,0.16666666666666666,2325.06,387.51
A83322,0.38666666666666666,1001.88,387.3936
A01409,0.12666666666666668,3057.93,387.3378
A79150,0.18,2148.09,386.6562
A29900,0.19333333333333333,1999.33,386.5371333333333
A13501,0.15333333333333332,2517.7200000000003,386.0504
A97502,0.21333333333333335,1807.53,385.6064
A22070,0.18,2140.79,385.3422
A79040,0.20666666666666667,1864.09,385.2452666666666
A29047,0.29333333333333333,1313.16,385.1936
A24340,0.16666666666666666,2310.92,385.1533333333333
A26013,0.26666666666666666,1443.75,385.0
A18078,0.24,1603.45,384.828
A30112,0.28,1374.3600000000001,384.8208000000001
A05017,0.21333333333333335,1802.72,384.5802666666667
A07176,0.14,2743.54,384.09560000000005
A24710,0.22666666666666666,1693.97,383.9665333333333
A26087,0.2,1915.91,383.182
A38702,0.17333333333333334,2208.77,382.8534666666667
A07124,0.15333333333333332,2495.52,382.64639999999997
A19911,0.46,831.17,382.3382
A02443,0.28,1363.69,381.83320000000003
A09390,0.26666666666666666,1429.24,381.1306666666667
A05756,0.20666666666666667,1844.12,381.11813333333333
A25620,0.20666666666666667,1842.38,380.75853333333333
A18500,0.18,2112.43,380.2374
A56000,0.18666666666666668,2034.95,379.8573333333334
A09710,0.11333333333333333,3345.56,379.16346666666664
A93700,0.1,3791.62,379.16200000000003
A52020,0.23333333333333334,1622.6,378.6066666666666
A08061,0.23333333333333334,1619.49,377.88100000000003
A22081,0.09333333333333334,4048.43,377.8534666666667
A03088,0.19333333333333333,1950.3500000000001,377.0676666666667
A81510,0.29333333333333333,1283.93,376.6194666666667
A06140,0.18666666666666668,2017.57,376.61306666666667
A06764,0.22666666666666666,1658.5900000000001,375.9470666666667
A04052,0.22,1705.17,375.1374
A35680,0.08,4687.54,375.0032
A31210,0.28,1337.86,374.6008
A46100,0.14,2670.86,373.92040000000003
A07745,0.48,778.36,373.6128
A88032,0.15333333333333332,2434.64,373.3114666666666
A24900,0.18,2071.28,372.8304
A35020,0.17333333333333334,2149.35,372.554
A89245,0.38666666666666666,963.26,372.46053333333333
A30260,0.18,2060.42,370.8756
A22080,0.07333333333333333,5050.15,370.3443333333333
A96065,0.15333333333333332,2405.06,368.7758666666666
A07135,0.18666666666666668,1972.2,368.144
A11740,0.04,9200.45,368.01800000000003
A18046,0.20666666666666667,1777.93,367.4388666666667
A04515,0.18666666666666668,1966.8100000000002,367.1378666666667
A06950,0.15333333333333332,2394.17,367.10606666666666
A07793,0.19333333333333333,1898.8,367.10133333333334
A38500,0.16,2293.39,366.94239999999996
A22271,0.13333333333333333,2751.02,366.80266666666665
A97060,0.22,1667.23,366.7906
A12900,0.31333333333333335,1170.29,366.6908666666667
A09950,0.1,3657.33,365.733
A79170,0.24,1522.76,365.4624
A13418,0.14666666666666667,2490.8,365.31733333333335
A09760,0.17333333333333334,2091.07,362.4521333333334
A22765,0.09333333333333334,3880.05,362.13800000000003
A18080,0.36,1005.56,362.00159999999994
A12308,0.43333333333333335,834.72,361.71200000000005
A92120,0.22666666666666666,1594.47,361.41319999999996
A21330,0.05333333333333334,6771.6900000000005,361.15680000000003
A01315,0.23333333333333334,1545.73,360.67033333333336
A01228,0.2733333333333333,1317.52,360.1221333333333
A89400,0.12666666666666668,2839.65,359.689
A07031,0.25333333333333335,1417.79,359.1734666666667
A45700,0.14666666666666667,2448.62,359.1309333333333
A15685,0.31333333333333335,1145.19,358.82620000000003
A18077,0.13333333333333333,2691.11,358.81466666666665
A30210,0.18,1991.67,358.5006
A95500,0.16,2240.29,358.4464
A14401,0.12,2986.36,358.3632
A25520,0.20666666666666667,1730.48,357.63253333333336
A21350,0.14,2554.49,357.6286
A49032,0.18,1986.23,357.52139999999997
A13990,0.21333333333333335,1675.73,357.4890666666667
A30730,0.22666666666666666,1576.42,357.32186666666666
A21380,0.14,2550.24,357.0336
A35590,0.22,1620.49,356.50780000000003
A38660,0.22666666666666666,1570.22,355.91653333333335
A31560,0.17333333333333334,2052.98,355.8498666666667
A96201,0.35333333333333333,1006.4,355.5946666666667
A05541,0.14,2539.19,355.48660000000007
A90540,0.3333333333333333,1065.69,355.23
A13206,0.13333333333333333,2662.7400000000002,355.03200000000004
A70687,0.22666666666666666,1565.8,354.9146666666666
A37706,0.12666666666666668,2801.3,354.83133333333336
A93220,0.21333333333333335,1659.29,353.9818666666667
A50710,0.14,2527.11,353.79540000000003
A15997,0.28,1263.09,353.6652
A13411,0.29333333333333333,1205.23,353.53413333333333
A04042,0.22666666666666666,1559.59,353.5070666666666
A15910,0.15333333333333332,2299.2200000000003,352.5470666666667
A30870,0.25333333333333335,1390.96,352.3765333333334
A98280,0.1,3523.09,352.309
A99700,0.10666666666666667,3295.2200000000003,351.4901333333334
A38550,0.16,2195.03,351.20480000000003
A04537,0.26666666666666666,1316.56,351.0826666666666
A01307,0.14666666666666667,2393.59,351.05986666666666
A64049,0.12666666666666668,2768.94,350.73240000000004
A22021,0.15333333333333332,2285.4700000000003,350.43873333333335
A98700,0.08,4370.41,349.6328
A28010,0.19333333333333333,1807.87,349.5215333333333
A25250,0.3333333333333333,1048.3600000000001,349.4533333333334
A18190,0.24666666666666667,1408.67,347.47193333333337
A12071,0.26666666666666666,1301.25,347.0
A32400,0.36,963.57,346.8852
A05641,0.16,2167.22,346.7552
A08577,0.25333333333333335,1367.3000000000002,346.38266666666675
A14815,0.23333333333333334,1483.5900000000001,346.17100000000005
A09132,0.18,1922.84,346.1112
A09892,0.3466666666666667,997.89,345.9352
A15440,0.21333333333333335,1621.35,345.888
A04562,0.32,1080.6,345.792
A28400,0.19333333333333333,1786.5500000000002,345.3996666666667
A84130,0.18,1913.33,344.39939999999996
A12412,0.24666666666666667,1393.75,343.7916666666667
A14080,0.2,1718.29,343.658
A04014,0.31333333333333335,1092.16,342.2101333333334
A29092,0.18,1900.46,342.0828
A82560,0.18,1899.71,341.9478
A85501,0.10666666666666667,3204.93,341.8592
A09810,0.26666666666666666,1280.47,341.45866666666666
A64053,0.22,1551.0700000000002,341.2354
A08745,0.2733333333333333,1248.33,341.2102
A13457,0.36,947.44,341.0784
A18030,0.16666666666666666,2043.16,340.52666666666664
A58051,0.35333333333333333,962.3399999999999,340.0268
A27940,0.25333333333333335,1340.65,339.6313333333334
A66080,0.12666666666666668,2678.61,339.29060000000004
A12630,0.11333333333333333,2990.97,338.97659999999996
A23550,0.15333333333333332,2203.16,337.81786666666665
A01229,0.14,2407.4900000000002,337.0486000000001
A78200,0.08,4212.21,336.9768
A18072,0.29333333333333333,1148.58,336.91679999999997
A35460,0.18,1866.94,336.0492
A97700,0.16,2099.7,335.952
A96020,0.20666666666666667,1625.48,335.9325333333333
A08771,0.32666666666666666,1028.32,335.9178666666666
A91530,0.19333333333333333,1736.87,335.7948666666666
A20551,0.05333333333333334,6293.47,335.65173333333337
A29830,0.16,2097.25,335.56
A01321,0.19333333333333333,1735.51,335.5319333333333
A31741,0.15333333333333332,2186.63,335.28326666666663
A12216,0.18666666666666668,1795.87,335.22906666666665
A38180,0.18666666666666668,1794.43,334.9602666666667
A18016,0.25333333333333335,1321.8700000000001,334.8737333333334
A36050,0.16,2090.5,334.48
A09172,0.2866666666666667,1165.88,334.2189333333334
A37660,0.18666666666666668,1789.6599999999999,334.06986666666666
A11660,0.22666666666666666,1473.56,334.0069333333333
A95780,0.07333333333333333,4546.83,333.4342
A18270,0.16,2082.9,333.264
A12995,0.2866666666666667,1158.56,332.12053333333336
A37120,0.2733333333333333,1213.96,331.8157333333333
A22471,0.10666666666666667,3108.28,331.54986666666673
A18560,0.16666666666666666,1988.76,331.46
A82510,0.22,1504.81,331.0582
A26010,0.31333333333333335,1056.26,330.9614666666667
A79004,0.32,1032.07,330.2624
A38740,0.29333333333333333,1120.76,328.75626666666665
A09531,0.23333333333333334,1408.95,328.755
A29167,0.11333333333333333,2900.16,328.68479999999994
A05417,0.18666666666666668,1760.68,328.6602666666667
A29171,0.22,1491.23,328.0706
A71503,0.2733333333333333,1199.21,327.78406666666666
A07161,0.12666666666666668,2585.88,327.54480000000007
A25780,0.2866666666666667,1142.26,327.4478666666667
A37900,0.16,2043.74,326.9984
A87360,0.17333333333333334,1886.28,326.9552
A36205,0.22,1484.71,326.63620000000003
A31150,0.22666666666666666,1438.6399999999999,326.0917333333333
A88085,0.14666666666666667,2223.25,326.07666666666665
A91510,0.21333333333333335,1525.3899999999999,325.41653333333335
A81200,0.11333333333333333,2871.13,325.3947333333333
A11440,0.15333333333333332,2118.93,324.90259999999995
A01453,0.16,2027.1799999999998,324.3488
A34800,0.16,2027.07,324.3312
A12941,0.30666666666666664,1054.3,323.3186666666666
A14806,0.22666666666666666,1426.31,323.2969333333333
A12224,0.11333333333333333,2848.15,322.7903333333333
A13212,0.04666666666666667,6915.57,322.7266
A35240,0.16666666666666666,1933.66,322.27666666666664
A03807,0.16666666666666666,1933.2600000000002,322.21000000000004
A03112,0.12666666666666668,2542.69,322.0740666666667
A90460,0.21333333333333335,1508.67,321.8496
A58052,0.22,1462.47,321.7434
A12120,0.07333333333333333,4384.76,321.5490666666667
A88960,0.29333333333333333,1095.84,321.4464
A22220,0.19333333333333333,1659.24,320.7864
A13690,0.2866666666666667,1118.31,320.5822
A24440,0.16666666666666666,1922.22,320.37
A03275,0.24666666666666667,1298.14,320.2078666666667
A39400,0.03333333333333333,9572.630000000001,319.0876666666667
A38183,0.06666666666666667,4785.58,319.03866666666664
A97010,0.08,3985.9500000000003,318.87600000000003
A90870,0.23333333333333334,1363.4,318.12666666666667
A30270,0.17333333333333334,1833.96,317.88640000000004
A18900,0.14666666666666667,2164.81,317.5054666666667
A13210,0.16666666666666666,1904.6100000000001,317.435
A85810,0.07333333333333333,4324.17,317.1058
A25953,0.20666666666666667,1534.0900000000001,317.0452666666667
A88801,0.20666666666666667,1531.26,316.4604
A36015,0.12,2634.86,316.1832
A01317,0.24,1315.2,315.648
A02310,0.22666666666666666,1391.77,315.4678666666666
A71936,0.17333333333333334,1819.92,315.4528
A91030,0.21333333333333335,1473.6399999999999,314.3765333333333
A77006,0.18666666666666668,1682.3,314.02933333333334
A17514,0.08,3920.17,313.6136
A08730,0.12666666666666668,2473.93,313.36446666666666
A22411,0.19333333333333333,1619.33,313.0704666666666
A06550,0.14,2233.9700000000003,312.7558000000001
A05374,0.32,977.35,312.752
A38414,0.11333333333333333,2750.28,311.6984
A30520,0.09333333333333334,3338.1800000000003,311.5634666666667
A38480,0.24,1297.31,311.3544
A22723,0.06,5162.9,309.77399999999994
A93510,0.16,1930.44,308.8704
A19280,0.30666666666666664,1006.97,308.8041333333333
A31015,0.13333333333333333,2314.3,308.5733333333334
A39800,0.15333333333333332,2011.13,308.37326666666667
A65075,0.05333333333333334,5777.9,308.1546666666667
A09720,0.20666666666666667,1489.94,307.9209333333333
A39804,0.3466666666666667,887.12,307.53493333333336
A35620,0.18666666666666668,1646.82,307.4064
A22051,0.10666666666666667,2877.59,306.9429333333334
A88750,0.12666666666666668,2421.7799999999997,306.7588
A04855,0.28,1094.64,306.49920000000003
A07142,0.1,3055.7,305.57
A08572,0.23333333333333334,1309.24,305.4893333333333
A13339,0.15333333333333332,1990.69,305.2391333333333
A13450,0.17333333333333334,1759.82,305.03546666666665
A95880,0.17333333333333334,1759.57,304.99213333333336
A23045,0.17333333333333334,1758.76,304.85173333333336
A37464,0.2733333333333333,1113.78,304.4332
A21230,0.1,3043.58,304.358
A13611,0.26666666666666666,1140.29,304.07733333333334
A22630,0.06666666666666667,4559.0,303.93333333333334
A09820,0.06666666666666667,4558.78,303.91866666666664
A20541,0.04666666666666667,6511.36,303.8634666666667
A91900,0.29333333333333333,1035.58,303.7701333333333
A57052,0.24666666666666667,1229.48,303.2717333333334
A22250,0.04,7575.62,303.0248
A35164,0.06666666666666667,4543.68,302.91200000000003
A01224,0.13333333333333333,2270.35,302.7133333333333
A15054,0.2866666666666667,1055.04,302.4448
A05021,0.11333333333333333,2668.44,302.4232
A73015,0.23333333333333334,1295.47,302.27633333333335
A59151,0.22,1373.88,302.2536
A80240,0.06,5034.43,302.0658
A06436,0.15333333333333332,1969.66,302.0145333333333
A13425,0.22,1372.64,301.98080000000004
A35420,0.09333333333333334,3234.42,301.8792
A20251,0.14,2155.9700000000003,301.83580000000006
A05351,0.12,2513.48,301.6176
A06705,0.20666666666666667,1459.06,301.53906666666666
A29160,0.12,2512.44,301.4928
A13052,0.16666666666666666,1807.73,301.2883333333333
A08420,0.16,1881.3700000000001,301.0192
A22461,0.15333333333333332,1959.65,300.4796666666667
A13215,0.10666666666666667,2810.27,299.76213333333334
A26020,0.20666666666666667,1450.35,299.739
A06715,0.25333333333333335,1180.53,299.0676
A84500,0.18666666666666668,1601.39,298.9261333333334
A89700,0.17333333333333334,1723.48,298.73653333333334
A41820,0.05333333333333334,5592.75,298.28000000000003
A85601,0.14,2126.9900000000002,297.77860000000004
A30720,0.07333333333333333,4053.87,297.2838
A14802,0.18,1650.6200000000001,297.1116
A06826,0.21333333333333335,1387.88,296.0810666666667
A13400,0.12666666666666668,2330.09,295.14473333333336
A18200,0.12,2455.3,294.636
A92500,0.06,4899.11,293.9466
A14780,0.10666666666666667,2755.61,293.93173333333334
A37270,0.16666666666666666,1762.45,293.7416666666667
A13049,0.08,3671.76,293.74080000000004
A21550,0.3333333333333333,879.19,293.06333333333333
A13272,0.06666666666666667,4392.99,292.866
A97670,0.15333333333333332,1909.46,292.78386666666665
A12237,0.1,2925.9,292.59000000000003
A07240,0.26666666666666666,1096.44,292.384
A98005,0.2733333333333333,1068.07,291.9391333333333
A79052,0.28,1041.78,291.6984
A82410,0.2,1456.06,291.212
A12010,0.3,966.79,290.037
A87043,0.24,1207.8,289.87199999999996
A18051,0.17333333333333334,1671.74,289.7682666666667
A78455,0.06,4826.860000000001,289.6116
A27213,0.12666666666666668,2284.96,289.4282666666667
A17516,0.18,1606.88,289.2384
A01226,0.22666666666666666,1272.13,288.3494666666667
A31710,0.20666666666666667,1394.14,288.1222666666667
A18045,0.16666666666666666,1728.69,288.115
A01223,0.24666666666666667,1165.49,287.4875333333333
A13088,0.08,3591.8,287.344
A32675,0.18666666666666668,1537.99,287.0914666666667
A88390,0.20666666666666667,1388.02,286.85746666666665
A32210,0.29333333333333333,977.72,286.79786666666666
A90840,0.28,1024.05,286.73400000000004
A88025,0.05333333333333334,5351.46,285.4112
A24936,0.14666666666666667,1935.72,283.9056
A95700,0.10666666666666667,2660.83,283.82186666666666
A30710,0.08666666666666667,3264.8500000000004,282.9536666666667
A83065,0.2,1413.89,282.778
A07081,0.22666666666666666,1246.69,282.58306666666664
A19700,0.10666666666666667,2648.8,282.5386666666667
A13010,0.12666666666666668,2226.68,282.04613333333333
A88090,0.12,2347.87,281.7444
A13843,0.2,1404.6000000000001,280.92
A04087,0.2,1402.81,280.562
A04843,0.2,1402.5800000000002,280.516
A35970,0.18666666666666668,1499.5,279.9066666666667
A72210,0.17333333333333334,1614.53,279.8518666666667
A05025,0.14666666666666667,1905.69,279.5012
A13331,0.13333333333333333,2094.85,279.31333333333333
A29050,0.1,2778.09,277.809
A15025,0.16,1731.06,276.9696
A87025,0.21333333333333335,1297.9,276.8853333333334
A88040,0.2,1383.02,276.604
A21011,0.24,1152.16,276.5184
A12225,0.14,1974.04,276.36560000000003
A01230,0.14,1973.58,276.3012
A04836,0.29333333333333333,941.87,276.28186666666664
A01303,0.2866666666666667,962.8399999999999,276.01413333333335
A02422,0.26,1061.29,275.9354
A06414,0.06666666666666667,4136.81,275.7873333333334
A13343,0.18666666666666668,1475.38,275.4042666666667
A28300,0.05333333333333334,5154.69,274.9168
A20751,0.19333333333333333,1418.38,274.22013333333337
A13219,0.08,3420.29,273.6232
A13454,0.12,2279.63,273.5556
A22776,0.25333333333333335,1078.32,273.1744
A08142,0.22,1240.5,272.91
A18010,0.24,1135.95,272.628
A33400,0.04,6808.01,272.3204
A05787,0.21333333333333335,1275.57,272.1216
A81130,0.18,1508.69,271.5642
A88010,0.09333333333333334,2908.69,271.47773333333333
A14700,0.20666666666666667,1312.53,271.2562
A13495,0.22666666666666666,1195.78,271.04346666666663
A05734,0.15333333333333332,1767.67,271.04273333333333
A14060,0.10666666666666667,2540.95,271.0346666666667
A75901,0.14,1935.44,270.96160000000003
A28540,0.12666666666666668,2139.07,270.94886666666673
A14730,0.10666666666666667,2533.61,270.2517333333334
A80320,0.10666666666666667,2531.57,270.0341333333334
A81050,0.11333333333333333,2379.75,269.705
A08161,0.20666666666666667,1303.19,269.32593333333335
A80250,0.05333333333333334,5046.12,269.1264
A20091,0.2,1344.72,268.944
A12955,0.21333333333333335,1259.33,268.65706666666665
A15085,0.15333333333333332,1750.28,268.37626666666665
A04001,0.26,1030.33,267.8858
A23093,0.16,1671.02,267.3632
A22725,0.10666666666666667,2502.81,266.9664
A31720,0.18,1481.24,266.6232
A12239,0.16666666666666666,1599.07,266.51166666666666
A13184,0.14,1899.8400000000001,265.97760000000005
A21765,0.12,2209.4900000000002,265.1388
A18460,0.08666666666666667,3058.17,265.0414
A88132,0.12666666666666668,2091.63,264.93980000000005
A32185,0.22666666666666666,1168.83,264.9348
A20090,0.15333333333333332,1727.67,264.9094
A29141,0.26,1016.63,264.3238
A24241,0.14,1885.48,263.96720000000005
A22621,0.06,4398.38,263.9028
A07145,0.2866666666666667,918.17,263.2087333333333
A85960,0.08666666666666667,3034.56,262.9952
A51020,0.04666666666666667,5632.03,262.82806666666664
A09560,0.09333333333333334,2815.45,262.7753333333333
A29360,0.18666666666666668,1406.9,262.6213333333334
A07700,0.12,2184.45,262.13399999999996
A96085,0.14666666666666667,1785.14,261.82053333333334
A48970,0.11333333333333333,2307.39,261.50419999999997
A25655,0.12666666666666668,2064.07,261.44886666666673
A89520,0.09333333333333334,2799.04,261.24373333333335
A89251,0.16666666666666666,1566.2,261.0333333333333
A09320,0.09333333333333334,2789.5,260.35333333333335
A13183,0.10666666666666667,2436.2000000000003,259.8613333333334
A31515,0.12,2164.65,259.758
A37570,0.10666666666666667,2433.84,259.60960000000006
A12243,0.21333333333333335,1216.04,259.4218666666667
A04044,0.13333333333333333,1944.05,259.20666666666665
A09190,0.14,1848.5500000000002,258.797
A20021,0.15333333333333332,1681.0,257.75333333333333
A90820,0.16,1610.53,257.6848
A12328,0.12666666666666668,2030.91,257.2486
A31310,0.3333333333333333,771.48,257.15999999999997
A20740,0.20666666666666667,1240.34,256.3369333333333
A67133,0.12,2135.9700000000003,256.31640000000004
A84020,0.2,1280.74,256.148
A04438,0.18666666666666668,1369.0,255.54666666666668
A66040,0.10666666666666667,2390.98,255.03786666666667
A38706,0.14666666666666667,1738.89,255.0372
A03220,0.18,1416.07,254.8926
A96200,0.1,2548.71,254.871
A81670,0.12666666666666668,2011.59,254.8014
A30575,0.03333333333333333,7639.21,254.64033333333333
A13276,0.2,1273.15,254.63000000000002
A07175,0.2,1273.07,254.614
A14840,0.17333333333333334,1468.21,254.48973333333336
A38900,0.13333333333333333,1907.38,254.31733333333335
A13172,0.19333333333333333,1315.3400000000001,254.29906666666668
A05590,0.17333333333333334,1466.15,254.1326666666667
A74823,0.12666666666666668,2004.7,253.9286666666667
A47640,0.16666666666666666,1521.55,253.59166666666664
A04516,0.10666666666666667,2368.25,252.61333333333334
A06083,0.26666666666666666,945.89,252.23733333333334
A13630,0.18666666666666668,1348.71,251.75920000000002
A06890,0.2733333333333333,920.96,251.72906666666665
A17700,0.14666666666666667,1715.3600000000001,251.58613333333335
A24342,0.12666666666666668,1984.24,251.3370666666667
A18740,0.14666666666666667,1713.53,251.31773333333334
A04134,0.18,1393.99,250.91819999999998
A96745,0.14666666666666667,1707.42,250.4216
A13173,0.24,1042.89,250.29360000000003
A01422,0.19333333333333333,1293.7,250.11533333333333
A11015,0.09333333333333334,2676.13,249.77213333333336
A74650,0.11333333333333333,2201.38,249.48973333333333
A12220,0.12666666666666668,1969.18,249.42946666666668
A08450,0.12,2075.88,249.1056
A97105,0.24666666666666667,1009.75,249.0716666666667
A92990,0.14,1778.48,248.98720000000003
A83025,0.16666666666666666,1493.48,248.91333333333333
A14093,0.18666666666666668,1331.46,248.53920000000002
A09761,0.22666666666666666,1095.87,248.39719999999997
A66083,0.11333333333333333,2189.38,248.12973333333332
A32115,0.2,1239.17,247.83400000000003
A08696,0.19333333333333333,1279.85,247.43766666666664
A15061,0.06666666666666667,3699.91,246.66066666666666
A05410,0.13333333333333333,1848.01,246.40133333333333
A13835,0.12,2051.24,246.14879999999997
A03211,0.12666666666666668,1943.22,246.14120000000003
A04548,0.14,1757.47,246.0458
A37540,0.06666666666666667,3668.72,244.5813333333333
A01404,0.17333333333333334,1410.28,244.44853333333333
A45028,0.12,2035.85,244.302
A23595,0.26666666666666666,915.47,244.12533333333334
A41760,0.2733333333333333,892.9,244.0593333333333
A65071,0.11333333333333333,2153.37,244.04859999999996
A98200,0.08666666666666667,2814.4300000000003,243.9172666666667
A11700,0.04666666666666667,5223.73,243.77406666666667
A68515,0.06,4062.07,243.7242
A95270,0.17333333333333334,1405.55,243.62866666666667
A13213,0.24666666666666667,986.76,243.4008
A04841,0.2,1214.39,242.87800000000004
A25060,0.15333333333333332,1578.05,241.96766666666664
A28200,0.12,2014.74,241.7688
A88070,0.12,2011.67,241.4004
A88160,0.26,928.39,241.3814
A41213,0.26666666666666666,904.97,241.32533333333333
A22260,0.03333333333333333,7229.11,240.97033333333331
A97015,0.04,6023.25,240.93
A14055,0.07333333333333333,3284.99,240.89926666666665
A24130,0.06,4008.42,240.5052
A71065,0.20666666666666667,1163.13,240.38020000000003
A26700,0.22666666666666666,1059.75,240.20999999999998
A89270,0.23333333333333334,1028.5,239.98333333333335
A05089,0.2,1198.25,239.65
A36970,0.14666666666666667,1633.78,239.62106666666665
A09110,0.22,1081.65,237.96300000000002
A87045,0.15333333333333332,1550.93,237.80926666666664
A88111,0.14,1691.88,236.86320000000003
A14807,0.24,986.64,236.7936
A31365,0.16666666666666666,1416.99,236.165
A22060,0.09333333333333334,2529.9500000000003,236.1286666666667
A06126,0.23333333333333334,1011.83,236.09366666666668
A07230,0.20666666666666667,1141.72,235.95546666666667
A01046,0.15333333333333332,1538.26,235.8665333333333
A24451,0.08666666666666667,2718.85,235.63366666666667
A11055,0.04666666666666667,5046.96,235.5248
A21220,0.04666666666666667,5046.62,235.50893333333335
A27260,0.18,1307.48,235.3464
A06395,0.20666666666666667,1138.73,235.33753333333334
A18115,0.30666666666666664,766.2900000000001,234.9956
A13330,0.06,3915.69,234.9414
A12221,0.15333333333333332,1530.3700000000001,234.65673333333334
A35540,0.21333333333333335,1098.21,234.28480000000002
A18035,0.14,1670.09,233.8126
A96010,0.08666666666666667,2696.2400000000002,233.67413333333337
A04719,0.13333333333333333,1752.31,233.64133333333334
A22221,0.04666666666666667,5001.21,233.3898
A91740,0.17333333333333334,1343.58,232.8872
A09450,0.12666666666666668,1837.34,232.72973333333334
A13232,0.12,1935.4599999999998,232.25519999999997
A01329,0.23333333333333334,994.35,232.01500000000001
A71070,0.07333333333333333,3163.4,231.9826666666667
A12929,0.16666666666666666,1391.16,231.86
A30850,0.18666666666666668,1240.49,231.55813333333336
A81560,0.16,1446.47,231.4352
A08665,0.26,889.7,231.32200000000003
A12460,0.11333333333333333,2040.2,231.22266666666667
A35931,0.14,1651.41,231.19740000000004
A24120,0.06666666666666667,3467.4,231.16
A37130,0.14666666666666667,1575.63,231.09240000000003
A92410,0.16666666666666666,1386.51,231.08499999999998
A04311,0.18666666666666668,1237.62,231.02239999999998
A04530,0.12666666666666668,1823.04,230.91840000000002
A11730,0.04666666666666667,4946.5,230.83666666666667
A21910,0.22,1049.18,230.8196
A35702,0.24,961.72,230.8128
A79550,0.24,961.1700000000001,230.6808
A23088,0.18,1280.33,230.4594
A01544,0.23333333333333334,986.98,230.29533333333333
A04146,0.13333333333333333,1725.97,230.12933333333334
A08041,0.20666666666666667,1112.23,229.86086666666668
A11950,0.13333333333333333,1721.42,229.52266666666668
A13483,0.14666666666666667,1564.74,229.4952
A13720,0.04666666666666667,4916.34,229.4292
A36021,0.11333333333333333,2023.1000000000001,229.28466666666668
A96030,0.2866666666666667,794.6,227.78533333333334
A25935,0.18,1263.72,227.46959999999999
A27600,0.06,3790.47,227.42819999999998
A05007,0.18666666666666668,1217.99,227.35813333333334
A11070,0.03333333333333333,6812.57,227.08566666666664
A29146,0.09333333333333334,2426.7400000000002,226.49573333333336
A89230,0.3,754.7,226.41
A31530,0.14666666666666667,1543.28,226.34773333333334
A09960,0.26,868.58,225.8308
A06036,0.23333333333333334,966.38,225.48866666666666
A21210,0.10666666666666667,2113.75,225.46666666666667
A13574,0.19333333333333333,1165.87,225.4015333333333
A31555,0.2866666666666667,785.64,225.2168
A82840,0.3,749.96,224.988
A04844,0.1,2245.7200000000003,224.57200000000003
A22431,0.11333333333333333,1980.67,224.47593333333333
A14160,0.11333333333333333,1979.22,224.3116
A02022,0.15333333333333332,1461.36,224.07519999999997
A13073,0.08666666666666667,2583.77,223.92673333333335
A99150,0.14666666666666667,1526.44,223.87786666666668
A44001,0.24666666666666667,905.2700000000001,223.29993333333337
A91350,0.09333333333333334,2391.01,223.16093333333336
A24030,0.05333333333333334,4179.68,222.9162666666667
A87005,0.16666666666666666,1337.26,222.87666666666667
A13285,0.22666666666666666,982.09,222.60706666666667
A06416,0.16666666666666666,1335.2,222.53333333333333
A83203,0.10666666666666667,2086.11,222.5184
A04433,0.21333333333333335,1042.98,222.50240000000002
A23017,0.14666666666666667,1516.4099999999999,222.40679999999998
A16200,0.08,2779.59,222.36720000000003
A06537,0.22666666666666666,980.83,222.32146666666665
A04135,0.12666666666666668,1754.08,222.18346666666667
A04011,0.08,2776.54,222.1232
A05372,0.12666666666666668,1750.99,221.7920666666667
A25035,0.16,1384.56,221.5296
A13569,0.14666666666666667,1508.4,221.23200000000003
A13960,0.14,1576.01,220.64140000000003
A35350,0.25333333333333335,870.71,220.5798666666667
A08810,0.20666666666666667,1065.45,220.193
A08576,0.18,1220.6100000000001,219.7098
A32110,0.22,996.88,219.3136
A12031,0.16,1370.68,219.30880000000002
A14750,0.17333333333333334,1264.19,219.12626666666668
A88117,0.1,2190.35,219.035
A08330,0.09333333333333334,2337.85,218.19933333333333
A18550,0.03333333333333333,6540.33,218.011
A13420,0.18,1210.32,217.8576
A14860,0.08,2721.25,217.70000000000002
A18400,0.16,1360.14,217.62240000000003
A13255,0.1,2176.14,217.614
A06810,0.14,1551.8500000000001,217.25900000000004
A70686,0.12666666666666668,1715.05,217.2396666666667
A21060,0.10666666666666667,2025.73,216.0778666666667
A04272,0.15333333333333332,1408.66,215.99453333333332
A04547,0.15333333333333332,1407.95,215.88566666666665
A11443,0.12,1795.49,215.4588
A01452,0.17333333333333334,1241.33,215.16386666666665
A25515,0.1,2150.98,215.098
A31910,0.1,2150.17,215.01700000000002
A22231,0.06,3583.3,214.998
A36400,0.02666666666666667,8047.95,214.612
A13274,0.13333333333333333,1609.13,214.55066666666667
A14150,0.2733333333333333,784.0,214.29333333333332
A13277,0.26666666666666666,802.96,214.12266666666667
A80610,0.07333333333333333,2917.58,213.95586666666665
A07713,0.21333333333333335,1001.02,213.55093333333335
A09920,0.14,1524.47,213.42580000000004
A04842,0.22666666666666666,939.46,212.94426666666666
A13506,0.08666666666666667,2455.7200000000003,212.8290666666667
A21341,0.08666666666666667,2438.93,211.37393333333333
A36010,0.04666666666666667,4525.46,211.18813333333335
A30350,0.06,3515.86,210.9516
A13940,0.09333333333333334,2259.4900000000002,210.88573333333338
A13209,0.1,2108.73,210.87300000000002
A05018,0.14666666666666667,1435.98,210.6104
A12030,0.06,3501.05,210.06300000000002
A01322,0.10666666666666667,1968.77,210.00213333333335
A18074,0.17333333333333334,1211.3,209.95866666666666
A06709,0.18666666666666668,1124.41,209.8898666666667
A88495,0.08,2621.08,209.6864
A88200,0.06666666666666667,3144.84,209.656
A88385,0.11333333333333333,1849.19,209.57486666666665
A18071,0.12666666666666668,1648.49,208.80873333333335
A30830,0.09333333333333334,2235.3199999999997,208.62986666666666
A01419,0.13333333333333333,1564.27,208.56933333333333
A08225,0.18666666666666668,1116.39,208.39280000000002
A85807,0.17333333333333334,1199.54,207.92026666666666
A17380,0.20666666666666667,1005.28,207.75786666666667
A13848,0.24,863.27,207.1848
A80050,0.08,2589.41,207.15279999999998
A06422,0.18666666666666668,1106.19,206.48880000000003
A24230,0.013333333333333334,15456.84,206.09120000000001
A07190,0.07333333333333333,2809.64,206.04026666666667
A24315,0.08,2572.01,205.76080000000002
A08090,0.2,1028.56,205.712
A14800,0.13333333333333333,1540.2,205.36
A91787,0.08666666666666667,2368.2200000000003,205.24573333333336
A28990,0.12666666666666668,1618.95,205.06700000000004
A02415,0.17333333333333334,1182.48,204.9632
A16300,0.11333333333333333,1808.3799999999999,204.9497333333333
A29345,0.11333333333333333,1808.27,204.93726666666666
A88110,0.13333333333333333,1534.75,204.63333333333333
A23030,0.19333333333333333,1057.63,204.47513333333336
A13453,0.16,1274.68,203.9488
A13256,0.09333333333333334,2185.06,203.93893333333332
A35920,0.16,1268.91,203.02560000000003
A89221,0.19333333333333333,1048.64,202.7370666666667
A13278,0.11333333333333333,1785.91,202.40313333333333
A45810,0.02,10106.62,202.13240000000002
A01403,0.1,2017.98,201.798
A06663,0.07333333333333333,2745.76,201.35573333333335
A85819,0.28,719.02,201.3256
A18053,0.1,2005.63,200.56300000000002
A18120,0.08666666666666667,2313.22,200.47906666666665
A18130,0.12,1670.22,200.4264
A89240,0.13333333333333333,1503.18,200.424
A15084,0.22,909.48,200.0856
A84900,0.22,909.36,200.0592
A89237,0.26,769.0799999999999,199.96079999999998
A31920,0.15333333333333332,1303.79,199.91446666666664
A37701,0.03333333333333333,5996.81,199.8936666666667
A07790,0.18666666666666668,1070.3600000000001,199.80053333333336
A01423,0.06,3326.93,199.61579999999998
A90050,0.04666666666666667,4276.25,199.55833333333334
A22011,0.04666666666666667,4272.1900000000005,199.3688666666667
A06404,0.24,830.39,199.2936
A09895,0.08666666666666667,2295.06,198.9052
A04117,0.10666666666666667,1858.8500000000001,198.27733333333336
A38405,0.08,2478.28,198.2624
A28895,0.03333333333333333,5944.12,198.13733333333332
A38413,0.12666666666666668,1561.94,197.84573333333336
A96820,0.16,1235.9,197.74400000000003
A05468,0.14666666666666667,1346.57,197.49693333333332
A28495,0.14,1409.94,197.39160000000004
A36305,0.1,1971.24,197.12400000000002
A30140,0.04666666666666667,4218.9,196.882
A01306,0.08,2457.5299999999997,196.6024
A16600,0.13333333333333333,1468.17,195.756
A04313,0.10666666666666667,1834.07,195.63413333333335
A22061,0.14666666666666667,1333.0,195.50666666666666
A13145,0.05333333333333334,3658.78,195.13493333333335
A30492,0.11333333333333333,1720.94,195.03986666666665
A30620,0.06,3249.91,194.9946
A41720,0.04666666666666667,4173.96,194.78480000000002
A21921,0.20666666666666667,941.8299999999999,194.64486666666664
A06420,0.24,810.97,194.6328
A41830,0.02,9731.03,194.62060000000002
A93010,0.08666666666666667,2243.47,194.43406666666667
A58030,0.2,971.76,194.352
A08230,0.2,970.82,194.16400000000002
A90020,0.05333333333333334,3630.71,193.63786666666667
A37502,0.15333333333333332,1259.98,193.19693333333333
A09530,0.06666666666666667,2895.09,193.006
A80220,0.18,1068.97,192.4146
A88037,0.12666666666666668,1517.78,192.25213333333335
A27930,0.14,1373.18,192.24520000000004
A80630,0.22,872.99,192.05780000000001
A09180,0.16666666666666666,1144.02,190.67
A05187,0.23333333333333334,815.6800000000001,190.32533333333336
A13563,0.18,1057.13,190.2834
A06783,0.2,951.34,190.26800000000003
A13068,0.14666666666666667,1296.88,190.20906666666667
A74210,0.08,2377.2200000000003,190.1776
A86400,0.14666666666666667,1287.87,188.8876
A97110,0.2,943.26,188.65200000000002
A13403,0.08,2349.49,187.95919999999998
A27925,0.20666666666666667,908.48,187.75253333333333
A13311,0.24,780.72,187.3728
A39801,0.10666666666666667,1750.49,186.71893333333335
A13467,0.08,2333.48,186.6784
A08750,0.08666666666666667,2153.85,186.667
A06540,0.10666666666666667,1748.98,186.55786666666668
A20940,0.14666666666666667,1271.49,186.4852
A13419,0.05333333333333334,3494.03,186.3482666666667
A12606,0.14,1330.84,186.3176
A71909,0.23333333333333334,796.65,185.885
A12232,0.16,1159.8600000000001,185.57760000000002
A99070,0.14666666666666667,1261.14,184.96720000000002
A04674,0.11333333333333333,1628.5900000000001,184.57353333333333
A06333,0.26666666666666666,687.83,183.42133333333334
A08260,0.09333333333333334,1964.81,183.38226666666668
A09520,0.14,1309.57,183.3398
A29705,0.19333333333333333,947.37,183.1582
A06170,0.17333333333333334,1055.5,182.95333333333335
A09635,0.22,831.45,182.919
A06365,0.06666666666666667,2739.17,182.61133333333333
A03181,0.14,1304.27,182.5978
A15600,0.02666666666666667,6844.9400000000005,182.53173333333336
A71925,0.17333333333333334,1051.48,182.25653333333335
A15400,0.03333333333333333,5467.64,182.25466666666668
A41815,0.12666666666666668,1438.58,182.22013333333334
A08080,0.2733333333333333,665.45,181.88966666666667
A08790,0.11333333333333333,1601.16,181.4648
A04542,0.19333333333333333,937.12,181.17653333333334
A04661,0.06,3018.81,181.12859999999998
A04857,0.12666666666666668,1429.06,181.01426666666669
A13044,0.04,4520.39,180.81560000000002
A88354,0.09333333333333334,1937.1100000000001,180.79693333333336
A12242,0.1,1805.27,180.52700000000002
A13026,0.05333333333333334,3382.36,180.39253333333335
A08676,0.19333333333333333,928.58,179.52546666666666
A26520,0.13333333333333333,1346.3,179.50666666666666
A26255,0.02666666666666667,6718.03,179.14746666666667
A19800,0.10666666666666667,1672.72,178.42346666666668
A13224,0.09333333333333334,1908.98,178.17146666666667
A39270,0.03333333333333333,5343.6900000000005,178.12300000000002
A12247,0.17333333333333334,1025.73,177.7932
A14740,0.11333333333333333,1567.94,177.69986666666665
A09080,0.09333333333333334,1902.8799999999999,177.60213333333334
A08440,0.12666666666666668,1401.94,177.57906666666668
A05783,0.16,1109.18,177.46880000000002
A29165,0.10666666666666667,1663.68,177.4592
A27525,0.08,2213.58,177.0864
A22441,0.05333333333333334,3317.7799999999997,176.94826666666665
A38700,0.03333333333333333,5300.9,176.69666666666666
A25635,0.21333333333333335,827.38,176.50773333333333
A31010,0.1,1762.38,176.23800000000003
A08050,0.12,1468.56,176.22719999999998
A15950,0.12,1464.67,175.7604
A18185,0.22666666666666666,772.46,175.09093333333334
A87900,0.10666666666666667,1639.3700000000001,174.86613333333335
A17800,0.03333333333333333,5231.07,174.369
A21250,0.12666666666666668,1374.54,174.10840000000002
A06330,0.14666666666666667,1186.76,174.05813333333333
A16400,0.06666666666666667,2608.92,173.928
A04130,0.08,2172.44,173.7952
A08451,0.14,1240.78,173.7092
A72130,0.18666666666666668,930.58,173.70826666666667
A09781,0.16666666666666666,1041.26,173.54333333333332
A75690,0.03333333333333333,5178.64,172.62133333333335
A13561,0.07333333333333333,2349.51,172.2974
A96015,0.04,4305.36,172.21439999999998
A29172,0.22,782.1,172.062
A12609,0.25333333333333335,678.28,171.83093333333335
A22010,0.1,1715.7,171.57000000000002
A35661,0.16,1069.88,171.18080000000003
A13416,0.03333333333333333,5134.28,171.14266666666666
A11930,0.11333333333333333,1509.3,171.05399999999997
A04523,0.21333333333333335,801.58,171.00373333333334
A90220,0.12,1424.05,170.886
A29950,0.14666666666666667,1163.95,170.71266666666668
A30421,0.04666666666666667,3656.35,170.62966666666668
A04002,0.23333333333333334,730.1700000000001,170.37300000000002
A30770,0.06666666666666667,2552.2400000000002,170.14933333333335
A28950,0.04,4246.41,169.8564
A12211,0.09333333333333334,1818.98,169.77146666666667
A20241,0.04,4242.39,169.6956
A01416,0.21333333333333335,794.95,169.58933333333334
A14051,0.17333333333333334,978.06,169.5304
A01310,0.10666666666666667,1588.77,169.46880000000002
A80430,0.14,1210.46,169.4644
A23059,0.12666666666666668,1337.4,169.40400000000002
A35500,0.013333333333333334,12641.16,168.5488
A35701,0.03333333333333333,5036.75,167.89166666666665
A06543,0.10666666666666667,1571.95,167.6746666666667
A22281,0.12666666666666668,1321.33,167.36846666666668
A80420,0.06,2786.66,167.19959999999998
A18108,0.14,1193.44,167.08160000000004
A14096,0.18666666666666668,894.96,167.0592
A04851,0.11333333333333333,1469.24,166.51386666666667
A36820,0.16666666666666666,998.6,166.43333333333334
A80060,0.04666666666666667,3561.26,166.19213333333335
A35550,0.12666666666666668,1310.28,165.96880000000002
A18110,0.08666666666666667,1914.22,165.89906666666667
A12226,0.11333333333333333,1461.44,165.62986666666666
A09060,0.04666666666666667,3542.87,165.33393333333333
A95555,0.04,4130.22,165.20880000000002
A13473,0.12666666666666668,1304.22,165.20120000000003
A12215,0.15333333333333332,1077.25,165.1783333333333
A11703,0.13333333333333333,1237.16,164.95466666666667
A22270,0.04,4115.889999999999,164.63559999999998
A06766,0.12666666666666668,1297.85,164.39433333333335
A12327,0.13333333333333333,1230.77,164.10266666666666
A22785,0.12,1365.98,163.9176
A13327,0.07333333333333333,2232.8,163.7386666666667
A04105,0.3,543.36,163.008
A13564,0.20666666666666667,787.62,162.7748
A13340,0.06666666666666667,2438.25,162.55
A01424,0.07333333333333333,2213.69,162.33726666666666
A92420,0.22,737.47,162.2434
A04531,0.15333333333333332,1057.74,162.18679999999998
A06381,0.24666666666666667,656.44,161.9218666666667
A20775,0.06,2691.27,161.4762
A07251,0.12,1344.89,161.3868
A18540,0.06,2687.08,161.2248
A08290,0.08,2010.8600000000001,160.86880000000002
A29285,0.07333333333333333,2193.28,160.84053333333335
A39860,0.08,2008.1100000000001,160.64880000000002
A76400,0.12666666666666668,1266.05,160.36633333333333
A30692,0.20666666666666667,774.9,160.146
A13345,0.08666666666666667,1842.29,159.66513333333333
A37440,0.10666666666666667,1493.93,159.35253333333335
A23040,0.10666666666666667,1491.04,159.0442666666667
A12244,0.05333333333333334,2977.5,158.8
A14600,0.04,3963.52,158.5408
A31035,0.06,2641.27,158.4762
A14177,0.17333333333333334,913.31,158.30706666666666
A13270,0.22,718.04,157.9688
A04045,0.18,877.0500000000001,157.869
A88034,0.02666666666666667,5916.82,157.78186666666667
A13310,0.12,1314.74,157.7688
A13600,0.04666666666666667,3372.84,157.3992
A32604,0.20666666666666667,760.35,157.139
A09371,0.03333333333333333,4711.93,157.06433333333334
A06273,0.16666666666666666,941.29,156.88166666666666
A35502,0.06666666666666667,2336.0,155.73333333333332
A05311,0.11333333333333333,1373.98,155.7177333333333
A13465,0.09333333333333334,1667.1100000000001,155.59693333333334
A13490,0.13333333333333333,1165.15,155.35333333333335
A06056,0.14666666666666667,1057.6,155.11466666666666
A09911,0.11333333333333333,1362.5600000000002,154.42346666666668
A37925,0.05333333333333334,2893.63,154.32693333333336
A27933,0.14666666666666667,1052.18,154.31973333333335
A80530,0.09333333333333334,1650.16,154.01493333333335
A08280,0.06,2564.27,153.8562
A13482,0.08,1922.14,153.77120000000002
A98300,0.10666666666666667,1440.71,153.67573333333334
A14140,0.06666666666666667,2304.06,153.60399999999998
A84200,0.11333333333333333,1355.31,153.6018
A19010,0.10666666666666667,1439.26,153.52106666666668
A06816,0.20666666666666667,741.1800000000001,153.1772
A09890,0.1,1531.27,153.127
A07131,0.14,1092.18,152.90520000000004
A01222,0.06666666666666667,2292.45,152.82999999999998
A07241,0.09333333333333334,1632.63,152.3788
A30150,0.03333333333333333,4540.97,151.36566666666667
A11420,0.05333333333333334,2831.6,151.01866666666666
A17013,0.14666666666666667,1028.79,150.8892
A13035,0.04,3772.16,150.8864
A12060,0.12,1256.69,150.8028
A70680,0.06666666666666667,2257.62,150.50799999999998
A73900,0.13333333333333333,1128.35,150.44666666666666
A36240,0.09333333333333334,1606.7,149.9586666666667
A09951,0.10666666666666667,1402.8899999999999,149.64159999999998
A35740,0.16,933.93,149.4288
A09726,0.13333333333333333,1118.7,149.16
A29104,0.15333333333333332,971.64,148.98479999999998
A07144,0.07333333333333333,2031.6,148.98399999999998
A22071,0.05333333333333334,2791.25,148.86666666666667
A30626,0.2,741.57,148.31400000000002
A05409,0.08,1852.04,148.1632
A90150,0.12,1231.78,147.81359999999998
A06150,0.07333333333333333,1998.72,146.5728
A04524,0.08,1824.42,145.95360000000002
A17511,0.04,3634.32,145.3728
A30662,0.08666666666666667,1671.01,144.82086666666666
A09941,0.15333333333333332,942.51,144.51819999999998
A09840,0.08666666666666667,1665.14,144.31213333333335
A13283,0.20666666666666667,696.5699999999999,143.9578
A14400,0.07333333333333333,1962.47,143.91446666666667
A90040,0.06,2393.67,143.6202
A30535,0.06,2393.11,143.5866
A38300,0.08,1794.45,143.556
A05302,0.1,1434.94,143.494
A22050,0.04,3583.37,143.3348
A85660,0.11333333333333333,1262.45,143.07766666666666
A13087,0.02666666666666667,5349.08,142.64213333333333
A15500,0.06,2377.15,142.629
A20950,0.05333333333333334,2673.5099999999998,142.5872
A07132,0.12,1183.92,142.0704
A09061,0.15333333333333332,926.3,142.03266666666664
A16050,0.11333333333333333,1248.8600000000001,141.53746666666666
A22440,0.04,3536.61,141.4644
A89201,0.07333333333333333,1928.95,141.45633333333333
A90010,0.03333333333333333,4242.95,141.43166666666667
A06850,0.10666666666666667,1325.0,141.33333333333334
A08110,0.23333333333333334,605.56,141.2973333333333
A12061,0.15333333333333332,920.92,141.20773333333332
A17400,0.06,2345.23,140.7138
A12223,0.16666666666666666,837.69,139.615
A09260,0.06666666666666667,2093.87,139.59133333333332
A93900,0.22666666666666666,615.22,139.44986666666668
A05020,0.06666666666666667,2090.54,139.36933333333332
A29163,0.11333333333333333,1225.22,138.85826666666665
A04455,0.12666666666666668,1094.8600000000001,138.6822666666667
A13468,0.08666666666666667,1599.04,138.58346666666668
A08599,0.16,864.09,138.2544
A89500,0.06,2303.59,138.21540000000002
A64018,0.16,863.3900000000001,138.1424
A04018,0.16666666666666666,826.65,137.77499999999998
A08431,0.10666666666666667,1283.94,136.95360000000002
A09580,0.06666666666666667,2048.42,136.56133333333332
A13076,0.07333333333333333,1861.73,136.52686666666668
A09812,0.10666666666666667,1279.51,136.48106666666666
A32340,0.10666666666666667,1277.38,136.25386666666668
A22261,0.05333333333333334,2550.3,136.01600000000002
A12312,0.10666666666666667,1272.18,135.69920000000002
A02993,0.16666666666666666,813.25,135.54166666666666
A31748,0.18666666666666668,724.63,135.26426666666669
A95680,0.06666666666666667,2027.73,135.182
A08490,0.06666666666666667,2019.58,134.63866666666667
A12040,0.14,961.24,134.57360000000003
A23060,0.04,3354.77,134.1908
A97590,0.16,837.95,134.072
A27281,0.05333333333333334,2511.85,133.96533333333335
A19026,0.14,953.36,133.4704
A09811,0.11333333333333333,1169.1200000000001,132.50026666666668
A14500,0.04,3310.04,132.4016
A38703,0.07333333333333333,1804.99,132.36593333333334
A14085,0.12,1099.93,131.9916
A95320,0.13333333333333333,988.04,131.73866666666666
A88080,0.11333333333333333,1161.75,131.665
A13800,0.08,1643.6200000000001,131.48960000000002
A30570,0.05333333333333334,2460.44,131.22346666666667
A11432,0.08666666666666667,1513.49,131.16913333333335
A18650,0.06,2182.19,130.9314
A13033,0.06,2178.7400000000002,130.7244
A13485,0.1,1303.53,130.353
A13280,0.03333333333333333,3903.39,130.113
A27700,0.03333333333333333,3901.8900000000003,130.06300000000002
A04143,0.11333333333333333,1145.3400000000001,129.8052
A18125,0.14,925.98,129.6372
A09540,0.03333333333333333,3865.5299999999997,128.851
A31270,0.04,3221.04,128.8416
A88220,0.02666666666666667,4825.13,128.67013333333335
A06814,0.08666666666666667,1480.64,128.32213333333334
A14810,0.04666666666666667,2748.1400000000003,128.24653333333336
A83880,0.14,915.87,128.2218
A22710,0.02,6408.62,128.1724
A21310,0.09333333333333334,1373.08,128.15413333333333
A38010,0.06,2134.22,128.05319999999998
A30660,0.18,710.02,127.80359999999999
A01240,0.1,1277.79,127.779
A88020,0.03333333333333333,3831.73,127.72433333333333
A18970,0.16,796.53,127.4448
A83420,0.09333333333333334,1363.77,127.2852
A09220,0.06666666666666667,1900.93,126.72866666666667
A02998,0.1,1264.28,126.428
A37190,0.06,2098.81,125.92859999999999
A97300,0.06,2092.96,125.5776
A04814,0.14666666666666667,855.71,125.50413333333334
A89300,0.08,1566.23,125.2984
A35519,0.02,6263.37,125.2674
A14030,0.04666666666666667,2676.94,124.92386666666667
A29057,0.06,2080.38,124.8228
A13309,0.14666666666666667,850.96,124.80746666666667
A18720,0.25333333333333335,491.95,124.62733333333334
A13036,0.1,1245.08,124.508
A05013,0.18,691.14,124.4052
A47800,0.03333333333333333,3726.87,124.229
A31160,0.04666666666666667,2652.62,123.78893333333333
A13304,0.17333333333333334,712.73,123.53986666666667
A04041,0.09333333333333334,1323.18,123.49680000000001
A12942,0.07333333333333333,1676.3899999999999,122.93526666666666
A04545,0.12666666666666668,969.04,122.74506666666667
A12245,0.05333333333333334,2284.49,121.83946666666667
A13417,0.02666666666666667,4565.55,121.74800000000002
A90420,0.07333333333333333,1659.46,121.69373333333334
A04563,0.12666666666666668,960.48,121.66080000000001
A08461,0.14,867.79,121.4906
A05727,0.06,2021.06,121.2636
A05416,0.08666666666666667,1397.3600000000001,121.10453333333335
A17011,0.2,601.99,120.39800000000001
A33200,0.03333333333333333,3597.9900000000002,119.933
A05171,0.19333333333333333,620.15,119.89566666666666
A22450,0.03333333333333333,3587.09,119.56966666666666
A70658,0.09333333333333334,1280.51,119.51426666666667
A22240,0.02,5953.61,119.0722
A07151,0.08666666666666667,1371.26,118.84253333333334
A26900,0.03333333333333333,3557.2,118.57333333333332
A35170,0.04666666666666667,2532.42,118.17960000000001
A11705,0.09333333333333334,1263.01,117.88093333333333
A12248,0.11333333333333333,1038.87,117.73859999999998
A88101,0.04666666666666667,2513.39,117.29153333333333
A39403,0.06,1949.79,116.9874
A13253,0.06,1945.29,116.7174
A13412,0.06,1942.6599999999999,116.55959999999999
A30110,0.11333333333333333,1019.0799999999999,115.49573333333332
A89280,0.07333333333333333,1572.69,115.3306
A03317,0.08666666666666667,1326.58,114.97026666666666
A17780,0.14666666666666667,782.35,114.74466666666667
A13481,0.06666666666666667,1720.72,114.71466666666667
A13566,0.04,2865.4700000000003,114.61880000000001
A39205,0.17333333333333334,660.54,114.4936
A13150,0.02666666666666667,4287.33,114.3288
A49095,0.16666666666666666,683.99,113.99833333333333
A05143,0.16666666666666666,682.12,113.68666666666667
A29102,0.013333333333333334,8425.92,112.3456
A89460,0.02666666666666667,4211.110000000001,112.2962666666667
A05754,0.12666666666666668,881.85,111.70100000000001
A04534,0.04,2792.16,111.68639999999999
A03132,0.13333333333333333,836.24,111.49866666666667
A97501,0.18,619.36,111.48479999999999
A01525,0.13333333333333333,834.07,111.20933333333333
A11920,0.09333333333333334,1183.67,110.47586666666668
A29060,0.02666666666666667,4142.31,110.46160000000002
A20771,0.03333333333333333,3278.55,109.28500000000001
A11060,0.013333333333333334,8190.87,109.2116
A36420,0.02666666666666667,4068.08,108.48213333333334
A04564,0.1,1084.18,108.418
A95650,0.11333333333333333,953.14,108.02253333333333
A04140,0.03333333333333333,3239.4300000000003,107.98100000000001
A13456,0.06666666666666667,1616.6499999999999,107.77666666666666
A05847,0.22,489.39,107.6658
A08253,0.06,1792.92,107.5752
A04514,0.05333333333333334,2014.5,107.44000000000001
A30285,0.05333333333333334,2008.6399999999999,107.12746666666666
A32670,0.03333333333333333,3208.82,106.96066666666667
A89560,0.013333333333333334,7997.610000000001,106.63480000000001
A24240,0.02,5323.7699999999995,106.4754
A06515,0.06666666666666667,1592.32,106.15466666666666
A88704,0.15333333333333332,689.38,105.70493333333333
A06401,0.12,874.33,104.9196
A06654,0.08666666666666667,1210.49,104.90913333333334
A09931,0.14666666666666667,714.4200000000001,104.78160000000001
A35430,0.02,5225.2,104.504
A31742,0.08,1290.65,103.25200000000001
A13061,0.11333333333333333,905.66,102.64146666666666
A40080,0.10666666666666667,953.09,101.66293333333334
A22743,0.02,5074.42,101.4884
A31155,0.08,1266.16,101.29280000000001
A82640,0.1,1007.76,100.77600000000001
A09360,0.06666666666666667,1502.97,100.19800000000001
A13632,0.08,1250.79,100.0632
A04532,0.08666666666666667,1154.55,100.06099999999999
A09015,0.08,1250.48,100.03840000000001
A20550,0.013333333333333334,7497.45,99.96600000000001
A09771,0.08,1249.0900000000001,99.92720000000001
A09725,0.08,1241.87,99.3496
A20230,0.013333333333333334,7436.72,99.15626666666668
A41630,0.17333333333333334,569.26,98.67173333333334
A20261,0.02,4929.93,98.5986
A18055,0.02666666666666667,3682.1,98.18933333333334
A18117,0.13333333333333333,733.54,97.80533333333332
A39402,0.02666666666666667,3664.9900000000002,97.73306666666667
A88036,0.02666666666666667,3637.94,97.01173333333334
A06753,0.07333333333333333,1318.6,96.69733333333333
A06236,0.1,965.68,96.568
A09930,0.07333333333333333,1316.46,96.5404
A20270,0.02,4826.97,96.5394
A13031,0.14666666666666667,655.89,96.1972
A38401,0.02666666666666667,3602.38,96.06346666666667
A11704,0.03333333333333333,2870.01,95.667
A07082,0.07333333333333333,1303.8,95.612
A31260,0.04666666666666667,2036.03,95.01473333333334
A17120,0.08666666666666667,1088.31,94.3202
A04363,0.02666666666666667,3531.0299999999997,94.1608
A09361,0.08,1175.6100000000001,94.04880000000001
A13480,0.02,4689.98,93.7996
A13218,0.02,4680.62,93.6124
A13500,0.02,4677.21,93.5442
A07020,0.07333333333333333,1267.65,92.96100000000001
A17340,0.02666666666666667,3485.44,92.94506666666668
A30330,0.02666666666666667,3470.6,92.54933333333334
A18050,0.07333333333333333,1261.44,92.5056
A13042,0.05333333333333334,1733.73,92.46560000000001
A42800,0.18666666666666668,494.33,92.27493333333334
A09854,0.07333333333333333,1252.92,91.88080000000001
A09290,0.07333333333333333,1252.16,91.82506666666667
A13290,0.02666666666666667,3440.12,91.73653333333334
A11410,0.04,2293.33,91.7332
A72250,0.15333333333333332,596.88,91.52159999999999
A20511,0.02,4516.14,90.32280000000002
A20780,0.02666666666666667,3356.43,89.5048
A13211,0.02,4474.76,89.49520000000001
A71060,0.04666666666666667,1914.83,89.35873333333333
A06172,0.04,2232.57,89.3028
A35180,0.02666666666666667,3348.35,89.28933333333333
A05782,0.03333333333333333,2668.44,88.94800000000001
A12227,0.11333333333333333,783.97,88.84993333333333
A09030,0.04666666666666667,1896.87,88.5206
A09351,0.04,2210.15,88.406
A12230,0.03333333333333333,2641.19,88.03966666666666
A37950,0.02,4352.62,87.0524
A13181,0.05333333333333334,1622.5,86.53333333333335
A05882,0.14666666666666667,589.6700000000001,86.48493333333334
A15775,0.02666666666666667,3233.67,86.2312
A04571,0.02666666666666667,3229.33,86.11546666666668
A14940,0.03333333333333333,2577.87,85.929
A04552,0.06666666666666667,1287.06,85.804
A51030,0.03333333333333333,2570.32,85.67733333333334
A31130,0.06,1427.02,85.6212
A16700,0.07333333333333333,1156.04,84.77626666666666
A13050,0.013333333333333334,6327.08,84.36106666666667
A13240,0.06666666666666667,1261.88,84.12533333333334
A28680,0.06666666666666667,1256.66,83.77733333333333
A04116,0.05333333333333334,1561.05,83.256
A22640,0.02,4136.82,82.73639999999999
A13505,0.06,1373.41,82.4046
A28035,0.013333333333333334,6164.49,82.1932
A02013,0.06666666666666667,1225.59,81.70599999999999
A28230,0.06,1358.56,81.5136
A05415,0.04,2037.64,81.5056
A11500,0.05333333333333334,1520.73,81.10560000000001
A11310,0.04,2017.96,80.7184
A21940,0.02666666666666667,3022.63,80.60346666666668
A13080,0.04,1996.98,79.8792
A11750,0.013333333333333334,5897.24,78.62986666666667
A11900,0.013333333333333334,5875.45,78.33933333333334
A04006,0.06,1303.65,78.21900000000001
A04561,0.09333333333333334,830.03,77.46946666666666
A09852,0.12666666666666668,609.8,77.24133333333333
A06767,0.06,1281.08,76.86479999999999
A08340,0.06666666666666667,1100.92,73.39466666666667
A22030,0.02666666666666667,2741.75,73.11333333333334
A09541,0.03333333333333333,2190.31,73.01033333333334
A09791,0.05333333333333334,1367.56,72.93653333333333
A32341,0.06,1207.18,72.4308
A37704,0.02,3604.32,72.08640000000001
A13275,0.04,1801.2,72.048
A06045,0.10666666666666667,673.7,71.86133333333335
A31030,0.02,3527.94,70.5588
A06020,0.02666666666666667,2624.36,69.98293333333334
A06765,0.03333333333333333,2096.31,69.877
A06900,0.013333333333333334,5236.91,69.82546666666667
A18530,0.02,3461.12,69.2224
A31330,0.013333333333333334,5171.83,68.95773333333334
A38400,0.006666666666666667,10240.57,68.27046666666666
A31170,0.02666666666666667,2559.7,68.25866666666667
A09330,0.02,3388.9,67.778
A09271,0.03333333333333333,2028.44,67.61466666666666
A13825,0.03333333333333333,2009.3,66.97666666666666
A88820,0.03333333333333333,1998.04,66.60133333333333
A13084,0.013333333333333334,4977.75,66.37
A09751,0.02666666666666667,2478.25,66.08666666666667
A09171,0.09333333333333334,706.45,65.93533333333335
A30411,0.02,3285.4,65.708
A04119,0.03333333333333333,1960.94,65.36466666666666
A13160,0.013333333333333334,4871.13,64.9484
A08452,0.08,809.76,64.7808
A29101,0.006666666666666667,9595.56,63.9704
A14784,0.04666666666666667,1367.18,63.80173333333334
A11320,0.02,3164.26,63.2852
A22753,0.006666666666666667,9417.68,62.78453333333334
A13308,0.04,1561.4,62.456
A01238,0.05333333333333334,1170.32,62.41706666666667
A19970,0.04,1560.26,62.4104
A89801,0.013333333333333334,4622.59,61.63453333333334
A06454,0.013333333333333334,4587.7,61.169333333333334
A08121,0.04666666666666667,1305.25,60.91166666666667
A19470,0.02666666666666667,2269.73,60.52613333333334
A08210,0.04,1510.48,60.419200000000004
A07170,0.04666666666666667,1287.39,60.07820000000001
A23075,0.02,2982.15,59.643
A32450,0.07333333333333333,805.81,59.09273333333333
A37640,0.02,2945.13,58.90260000000001
A09040,0.04,1464.58,58.5832
A12233,0.013333333333333334,4376.3,58.350666666666676
A13874,0.04666666666666667,1232.47,57.51526666666667
A14900,0.02,2774.37,55.4874
A22451,0.006666666666666667,8298.42,55.3228
A13178,0.013333333333333334,4145.46,55.272800000000004
A91910,0.02,2731.81,54.6362
A04080,0.04666666666666667,1146.19,53.488866666666674
A35300,0.006666666666666667,7998.49,53.32326666666667
A08717,0.03333333333333333,1593.1,53.10333333333333
A17280,0.02,2632.28,52.6456
A70673,0.013333333333333334,3794.47,50.592933333333335
A13056,0.013333333333333334,3737.2,49.82933333333333
A13092,0.013333333333333334,3737.0,49.82666666666667
A36900,0.006666666666666667,7451.77,49.67846666666667
A87020,0.013333333333333334,3705.56,49.40746666666667
A86050,0.013333333333333334,3702.4500000000003,49.36600000000001
A20521,0.006666666666666667,7390.6,49.27066666666667
A88780,0.013333333333333334,3620.46,48.272800000000004
A13015,0.02,2329.57,46.59140000000001
A39401,0.006666666666666667,6517.1900000000005,43.44793333333334
A24210,0.006666666666666667,6465.34,43.10226666666667
A06700,0.013333333333333334,3191.85,42.558
A13070,0.006666666666666667,6371.7,42.478
A05634,0.03333333333333333,1252.68,41.756
A30310,0.006666666666666667,6207.11,41.38073333333333
A29055,0.006666666666666667,6180.29,41.201933333333336
A09850,0.013333333333333334,3033.91,40.452133333333336
A99010,0.006666666666666667,5890.09,39.26726666666667
A22750,0.006666666666666667,5676.61,37.84406666666667
A21235,0.006666666666666667,5628.29,37.52193333333334
A20271,0.013333333333333334,2725.92,36.345600000000005
A11630,0.013333333333333334,2698.69,35.982533333333336
A35790,0.006666666666666667,4969.01,33.126733333333334
A33600,0.006666666666666667,4963.11,33.0874
A24350,0.006666666666666667,4899.41,32.662733333333335
A20720,0.006666666666666667,4887.33,32.5822
A30431,0.006666666666666667,4753.51,31.69006666666667
A26600,0.006666666666666667,4712.07,31.4138
A09861,0.013333333333333334,2350.41,31.3388
A22280,0.006666666666666667,4649.01,30.993400000000005
A20560,0.006666666666666667,4465.11,29.7674
A35930,0.006666666666666667,4424.81,29.498733333333337
A37800,0.006666666666666667,4314.78,28.7652
A06730,0.006666666666666667,4307.07,28.7138
A30190,0.006666666666666667,4294.28,28.628533333333333
A37470,0.006666666666666667,4131.99,27.5466
A30380,0.006666666666666667,3958.69,26.39126666666667
A20735,0.006666666666666667,3823.4,25.489333333333335
A13190,0.006666666666666667,3589.22,23.928133333333335
A31140,0.006666666666666667,3489.84,23.265600000000003
A11025,0.006666666666666667,3378.56,22.523733333333336
A09090,0.006666666666666667,3245.5,21.636666666666667
A30240,0.006666666666666667,3034.81,20.232066666666668
A37410,0.006666666666666667,2867.04,19.1136
A11680,0.0,7767.39,0.0
A14790,0.0,2700.79,0.0
A11030,0.0,9823.49,0.0
A29090,0.0,6847.75,0.0
A30320,0.0,7951.73,0.0
A38610,0.0,5649.42,0.0
A38408,0.0,6781.39,0.0
A38600,0.0,7117.36,0.0
A88015,0.0,5625.68,0.0
A30130,0.0,8074.76,0.0
A88330,0.0,10224.72,0.0
A22631,0.0,13641.92,0.0
A11075,0.0,5806.46,0.0
A11065,0.0,7531.14,0.0
A35162,0.0,9906.45,0.0
A28625,0.0,5245.35,0.0
A13214,0.0,10077.62,0.0
A30180,0.0,4182.95,0.0
A30170,0.0,5229.92,0.0
A35900,0.0,5671.95,0.0
A21321,0.0,8246.54,0.0
A24360,0.0,3748.82,0.0
A24110,0.0,3825.4900000000002,0.0
A20260,0.0,6189.88,0.0
A20510,0.0,6352.07,0.0
A13140,0.0,4980.83,0.0
A20561,0.0,3720.96,0.0
A41810,0.0,6971.68,0.0
